"HO","DO","HR","DR","PHI"
1.00,1.00,1.00,5.00,0.00
1.00,1.00,1.00,6.00,0.00
1.00,1.00,1.00,1.00,0.03
1.00,1.00,1.00,4.00,0.08
1.00,1.00,1.00,2.00,0.19
1.00,1.00,1.00,3.00,0.62
1.00,1.00,2.00,1.00,0.00
1.00,1.00,2.00,2.00,0.00
1.00,1.00,2.00,4.00,0.00
1.00,1.00,2.00,5.00,0.00
1.00,1.00,2.00,6.00,0.00
1.00,1.00,2.00,3.00,0.02
1.00,1.00,3.00,1.00,0.00
1.00,1.00,3.00,2.00,0.00
1.00,1.00,3.00,3.00,0.00
1.00,1.00,3.00,4.00,0.00
1.00,1.00,3.00,5.00,0.00
1.00,1.00,3.00,6.00,0.00
1.00,1.00,4.00,1.00,0.00
1.00,1.00,4.00,4.00,0.00
1.00,1.00,4.00,5.00,0.00
1.00,1.00,4.00,6.00,0.00
1.00,1.00,4.00,2.00,0.01
1.00,1.00,4.00,3.00,0.02
1.00,1.00,5.00,1.00,0.00
1.00,1.00,5.00,2.00,0.00
1.00,1.00,5.00,3.00,0.00
1.00,1.00,5.00,4.00,0.00
1.00,1.00,5.00,5.00,0.00
1.00,1.00,5.00,6.00,0.00
1.00,1.00,6.00,1.00,0.00
1.00,1.00,6.00,2.00,0.00
1.00,1.00,6.00,3.00,0.00
1.00,1.00,6.00,4.00,0.00
1.00,1.00,6.00,5.00,0.00
1.00,1.00,6.00,6.00,0.00
1.00,1.00,7.00,1.00,0.00
1.00,1.00,7.00,2.00,0.00
1.00,1.00,7.00,3.00,0.00
1.00,1.00,7.00,4.00,0.00
1.00,1.00,7.00,5.00,0.00
1.00,1.00,7.00,6.00,0.00
1.00,1.00,8.00,1.00,0.00
1.00,1.00,8.00,2.00,0.00
1.00,1.00,8.00,3.00,0.00
1.00,1.00,8.00,4.00,0.00
1.00,1.00,8.00,5.00,0.00
1.00,1.00,8.00,6.00,0.00
1.00,2.00,1.00,1.00,0.00
1.00,2.00,1.00,5.00,0.00
1.00,2.00,1.00,6.00,0.00
1.00,2.00,1.00,4.00,0.23
1.00,2.00,1.00,2.00,0.25
1.00,2.00,1.00,3.00,0.45
1.00,2.00,2.00,1.00,0.00
1.00,2.00,2.00,2.00,0.00
1.00,2.00,2.00,4.00,0.00
1.00,2.00,2.00,5.00,0.00
1.00,2.00,2.00,6.00,0.00
1.00,2.00,2.00,3.00,0.01
1.00,2.00,3.00,1.00,0.00
1.00,2.00,3.00,2.00,0.00
1.00,2.00,3.00,3.00,0.00
1.00,2.00,3.00,4.00,0.00
1.00,2.00,3.00,5.00,0.00
1.00,2.00,3.00,6.00,0.00
1.00,2.00,4.00,1.00,0.00
1.00,2.00,4.00,4.00,0.00
1.00,2.00,4.00,5.00,0.00
1.00,2.00,4.00,6.00,0.00
1.00,2.00,4.00,2.00,0.01
1.00,2.00,4.00,3.00,0.02
1.00,2.00,5.00,1.00,0.00
1.00,2.00,5.00,2.00,0.00
1.00,2.00,5.00,3.00,0.00
1.00,2.00,5.00,4.00,0.00
1.00,2.00,5.00,5.00,0.00
1.00,2.00,5.00,6.00,0.00
1.00,2.00,6.00,1.00,0.00
1.00,2.00,6.00,2.00,0.00
1.00,2.00,6.00,3.00,0.00
1.00,2.00,6.00,4.00,0.00
1.00,2.00,6.00,5.00,0.00
1.00,2.00,6.00,6.00,0.00
1.00,2.00,7.00,1.00,0.00
1.00,2.00,7.00,2.00,0.00
1.00,2.00,7.00,3.00,0.00
1.00,2.00,7.00,4.00,0.00
1.00,2.00,7.00,5.00,0.00
1.00,2.00,7.00,6.00,0.00
1.00,2.00,8.00,1.00,0.00
1.00,2.00,8.00,2.00,0.00
1.00,2.00,8.00,3.00,0.00
1.00,2.00,8.00,4.00,0.00
1.00,2.00,8.00,5.00,0.00
1.00,2.00,8.00,6.00,0.00
1.00,3.00,1.00,6.00,0.00
1.00,3.00,1.00,2.00,0.01
1.00,3.00,1.00,5.00,0.02
1.00,3.00,1.00,1.00,0.02
1.00,3.00,1.00,3.00,0.44
1.00,3.00,1.00,4.00,0.47
1.00,3.00,2.00,1.00,0.00
1.00,3.00,2.00,2.00,0.00
1.00,3.00,2.00,3.00,0.00
1.00,3.00,2.00,4.00,0.00
1.00,3.00,2.00,5.00,0.00
1.00,3.00,2.00,6.00,0.00
1.00,3.00,3.00,1.00,0.00
1.00,3.00,3.00,2.00,0.00
1.00,3.00,3.00,3.00,0.00
1.00,3.00,3.00,4.00,0.00
1.00,3.00,3.00,5.00,0.00
1.00,3.00,3.00,6.00,0.00
1.00,3.00,4.00,1.00,0.00
1.00,3.00,4.00,2.00,0.00
1.00,3.00,4.00,4.00,0.00
1.00,3.00,4.00,5.00,0.00
1.00,3.00,4.00,6.00,0.00
1.00,3.00,4.00,3.00,0.01
1.00,3.00,5.00,1.00,0.00
1.00,3.00,5.00,2.00,0.00
1.00,3.00,5.00,3.00,0.00
1.00,3.00,5.00,4.00,0.00
1.00,3.00,5.00,5.00,0.00
1.00,3.00,5.00,6.00,0.00
1.00,3.00,6.00,1.00,0.00
1.00,3.00,6.00,2.00,0.00
1.00,3.00,6.00,3.00,0.00
1.00,3.00,6.00,4.00,0.00
1.00,3.00,6.00,5.00,0.00
1.00,3.00,6.00,6.00,0.00
1.00,3.00,7.00,1.00,0.00
1.00,3.00,7.00,2.00,0.00
1.00,3.00,7.00,3.00,0.00
1.00,3.00,7.00,4.00,0.00
1.00,3.00,7.00,5.00,0.00
1.00,3.00,7.00,6.00,0.00
1.00,3.00,8.00,1.00,0.00
1.00,3.00,8.00,2.00,0.00
1.00,3.00,8.00,3.00,0.00
1.00,3.00,8.00,4.00,0.00
1.00,3.00,8.00,5.00,0.00
1.00,3.00,8.00,6.00,0.00
1.00,4.00,1.00,6.00,0.00
1.00,4.00,1.00,5.00,0.02
1.00,4.00,1.00,1.00,0.12
1.00,4.00,1.00,3.00,0.24
1.00,4.00,1.00,4.00,0.26
1.00,4.00,1.00,2.00,0.31
1.00,4.00,2.00,1.00,0.00
1.00,4.00,2.00,2.00,0.00
1.00,4.00,2.00,3.00,0.00
1.00,4.00,2.00,4.00,0.00
1.00,4.00,2.00,5.00,0.00
1.00,4.00,2.00,6.00,0.00
1.00,4.00,3.00,1.00,0.00
1.00,4.00,3.00,2.00,0.00
1.00,4.00,3.00,3.00,0.00
1.00,4.00,3.00,4.00,0.00
1.00,4.00,3.00,5.00,0.00
1.00,4.00,3.00,6.00,0.00
1.00,4.00,4.00,1.00,0.00
1.00,4.00,4.00,3.00,0.00
1.00,4.00,4.00,4.00,0.00
1.00,4.00,4.00,5.00,0.00
1.00,4.00,4.00,6.00,0.00
1.00,4.00,4.00,2.00,0.01
1.00,4.00,5.00,1.00,0.00
1.00,4.00,5.00,2.00,0.00
1.00,4.00,5.00,3.00,0.00
1.00,4.00,5.00,4.00,0.00
1.00,4.00,5.00,5.00,0.00
1.00,4.00,5.00,6.00,0.00
1.00,4.00,6.00,1.00,0.00
1.00,4.00,6.00,2.00,0.00
1.00,4.00,6.00,3.00,0.00
1.00,4.00,6.00,4.00,0.00
1.00,4.00,6.00,5.00,0.00
1.00,4.00,6.00,6.00,0.00
1.00,4.00,7.00,1.00,0.00
1.00,4.00,7.00,2.00,0.00
1.00,4.00,7.00,3.00,0.00
1.00,4.00,7.00,4.00,0.00
1.00,4.00,7.00,5.00,0.00
1.00,4.00,7.00,6.00,0.00
1.00,4.00,8.00,1.00,0.00
1.00,4.00,8.00,2.00,0.00
1.00,4.00,8.00,3.00,0.00
1.00,4.00,8.00,4.00,0.00
1.00,4.00,8.00,5.00,0.00
1.00,4.00,8.00,6.00,0.00
1.00,5.00,1.00,1.00,0.00
1.00,5.00,1.00,2.00,0.00
1.00,5.00,1.00,3.00,0.00
1.00,5.00,1.00,4.00,0.00
1.00,5.00,1.00,6.00,0.04
1.00,5.00,1.00,5.00,0.88
1.00,5.00,2.00,1.00,0.00
1.00,5.00,2.00,2.00,0.00
1.00,5.00,2.00,3.00,0.00
1.00,5.00,2.00,4.00,0.00
1.00,5.00,2.00,6.00,0.00
1.00,5.00,2.00,5.00,0.01
1.00,5.00,3.00,1.00,0.00
1.00,5.00,3.00,2.00,0.00
1.00,5.00,3.00,3.00,0.00
1.00,5.00,3.00,4.00,0.00
1.00,5.00,3.00,5.00,0.00
1.00,5.00,3.00,6.00,0.00
1.00,5.00,4.00,1.00,0.00
1.00,5.00,4.00,2.00,0.00
1.00,5.00,4.00,3.00,0.00
1.00,5.00,4.00,4.00,0.00
1.00,5.00,4.00,6.00,0.00
1.00,5.00,4.00,5.00,0.04
1.00,5.00,5.00,1.00,0.00
1.00,5.00,5.00,2.00,0.00
1.00,5.00,5.00,3.00,0.00
1.00,5.00,5.00,4.00,0.00
1.00,5.00,5.00,5.00,0.00
1.00,5.00,5.00,6.00,0.00
1.00,5.00,6.00,1.00,0.00
1.00,5.00,6.00,2.00,0.00
1.00,5.00,6.00,3.00,0.00
1.00,5.00,6.00,4.00,0.00
1.00,5.00,6.00,6.00,0.00
1.00,5.00,6.00,5.00,0.01
1.00,5.00,7.00,1.00,0.00
1.00,5.00,7.00,2.00,0.00
1.00,5.00,7.00,3.00,0.00
1.00,5.00,7.00,4.00,0.00
1.00,5.00,7.00,5.00,0.00
1.00,5.00,7.00,6.00,0.00
1.00,5.00,8.00,1.00,0.00
1.00,5.00,8.00,2.00,0.00
1.00,5.00,8.00,3.00,0.00
1.00,5.00,8.00,4.00,0.00
1.00,5.00,8.00,5.00,0.00
1.00,5.00,8.00,6.00,0.00
1.00,6.00,1.00,2.00,0.00
1.00,6.00,1.00,3.00,0.00
1.00,6.00,1.00,5.00,0.00
1.00,6.00,1.00,1.00,0.03
1.00,6.00,1.00,4.00,0.03
1.00,6.00,1.00,6.00,0.87
1.00,6.00,2.00,1.00,0.00
1.00,6.00,2.00,2.00,0.00
1.00,6.00,2.00,3.00,0.00
1.00,6.00,2.00,4.00,0.00
1.00,6.00,2.00,5.00,0.00
1.00,6.00,2.00,6.00,0.01
1.00,6.00,3.00,1.00,0.00
1.00,6.00,3.00,2.00,0.00
1.00,6.00,3.00,3.00,0.00
1.00,6.00,3.00,4.00,0.00
1.00,6.00,3.00,5.00,0.00
1.00,6.00,3.00,6.00,0.00
1.00,6.00,4.00,1.00,0.00
1.00,6.00,4.00,2.00,0.00
1.00,6.00,4.00,3.00,0.00
1.00,6.00,4.00,4.00,0.00
1.00,6.00,4.00,5.00,0.00
1.00,6.00,4.00,6.00,0.01
1.00,6.00,5.00,1.00,0.00
1.00,6.00,5.00,2.00,0.00
1.00,6.00,5.00,3.00,0.00
1.00,6.00,5.00,4.00,0.00
1.00,6.00,5.00,5.00,0.00
1.00,6.00,5.00,6.00,0.00
1.00,6.00,6.00,1.00,0.00
1.00,6.00,6.00,2.00,0.00
1.00,6.00,6.00,3.00,0.00
1.00,6.00,6.00,4.00,0.00
1.00,6.00,6.00,5.00,0.00
1.00,6.00,6.00,6.00,0.01
1.00,6.00,7.00,1.00,0.00
1.00,6.00,7.00,2.00,0.00
1.00,6.00,7.00,3.00,0.00
1.00,6.00,7.00,4.00,0.00
1.00,6.00,7.00,5.00,0.00
1.00,6.00,7.00,6.00,0.00
1.00,6.00,8.00,1.00,0.00
1.00,6.00,8.00,2.00,0.00
1.00,6.00,8.00,3.00,0.00
1.00,6.00,8.00,4.00,0.00
1.00,6.00,8.00,5.00,0.00
1.00,6.00,8.00,6.00,0.00
2.00,1.00,1.00,1.00,0.00
2.00,1.00,1.00,5.00,0.00
2.00,1.00,1.00,6.00,0.00
2.00,1.00,1.00,2.00,0.01
2.00,1.00,1.00,4.00,0.02
2.00,1.00,1.00,3.00,0.09
2.00,1.00,2.00,5.00,0.00
2.00,1.00,2.00,6.00,0.00
2.00,1.00,2.00,1.00,0.06
2.00,1.00,2.00,4.00,0.08
2.00,1.00,2.00,2.00,0.25
2.00,1.00,2.00,3.00,0.45
2.00,1.00,3.00,1.00,0.00
2.00,1.00,3.00,2.00,0.00
2.00,1.00,3.00,3.00,0.00
2.00,1.00,3.00,4.00,0.00
2.00,1.00,3.00,5.00,0.00
2.00,1.00,3.00,6.00,0.00
2.00,1.00,4.00,1.00,0.00
2.00,1.00,4.00,2.00,0.00
2.00,1.00,4.00,3.00,0.00
2.00,1.00,4.00,4.00,0.00
2.00,1.00,4.00,5.00,0.00
2.00,1.00,4.00,6.00,0.00
2.00,1.00,5.00,1.00,0.00
2.00,1.00,5.00,2.00,0.00
2.00,1.00,5.00,3.00,0.00
2.00,1.00,5.00,4.00,0.00
2.00,1.00,5.00,5.00,0.00
2.00,1.00,5.00,6.00,0.00
2.00,1.00,6.00,1.00,0.00
2.00,1.00,6.00,2.00,0.00
2.00,1.00,6.00,3.00,0.00
2.00,1.00,6.00,5.00,0.00
2.00,1.00,6.00,6.00,0.00
2.00,1.00,6.00,4.00,0.01
2.00,1.00,7.00,1.00,0.00
2.00,1.00,7.00,2.00,0.00
2.00,1.00,7.00,3.00,0.00
2.00,1.00,7.00,4.00,0.00
2.00,1.00,7.00,5.00,0.00
2.00,1.00,7.00,6.00,0.00
2.00,1.00,8.00,1.00,0.00
2.00,1.00,8.00,2.00,0.00
2.00,1.00,8.00,3.00,0.00
2.00,1.00,8.00,4.00,0.00
2.00,1.00,8.00,5.00,0.00
2.00,1.00,8.00,6.00,0.00
2.00,2.00,1.00,1.00,0.00
2.00,2.00,1.00,2.00,0.00
2.00,2.00,1.00,5.00,0.00
2.00,2.00,1.00,6.00,0.00
2.00,2.00,1.00,4.00,0.01
2.00,2.00,1.00,3.00,0.05
2.00,2.00,2.00,1.00,0.00
2.00,2.00,2.00,5.00,0.00
2.00,2.00,2.00,6.00,0.00
2.00,2.00,2.00,4.00,0.10
2.00,2.00,2.00,3.00,0.38
2.00,2.00,2.00,2.00,0.41
2.00,2.00,3.00,1.00,0.00
2.00,2.00,3.00,2.00,0.00
2.00,2.00,3.00,3.00,0.00
2.00,2.00,3.00,4.00,0.00
2.00,2.00,3.00,5.00,0.00
2.00,2.00,3.00,6.00,0.00
2.00,2.00,4.00,1.00,0.00
2.00,2.00,4.00,4.00,0.00
2.00,2.00,4.00,5.00,0.00
2.00,2.00,4.00,6.00,0.00
2.00,2.00,4.00,3.00,0.01
2.00,2.00,4.00,2.00,0.01
2.00,2.00,5.00,1.00,0.00
2.00,2.00,5.00,2.00,0.00
2.00,2.00,5.00,3.00,0.00
2.00,2.00,5.00,4.00,0.00
2.00,2.00,5.00,5.00,0.00
2.00,2.00,5.00,6.00,0.00
2.00,2.00,6.00,1.00,0.00
2.00,2.00,6.00,2.00,0.00
2.00,2.00,6.00,3.00,0.00
2.00,2.00,6.00,4.00,0.00
2.00,2.00,6.00,5.00,0.00
2.00,2.00,6.00,6.00,0.00
2.00,2.00,7.00,1.00,0.00
2.00,2.00,7.00,2.00,0.00
2.00,2.00,7.00,3.00,0.00
2.00,2.00,7.00,4.00,0.00
2.00,2.00,7.00,5.00,0.00
2.00,2.00,7.00,6.00,0.00
2.00,2.00,8.00,1.00,0.00
2.00,2.00,8.00,2.00,0.00
2.00,2.00,8.00,3.00,0.00
2.00,2.00,8.00,4.00,0.00
2.00,2.00,8.00,5.00,0.00
2.00,2.00,8.00,6.00,0.00
2.00,3.00,1.00,1.00,0.00
2.00,3.00,1.00,2.00,0.00
2.00,3.00,1.00,5.00,0.00
2.00,3.00,1.00,6.00,0.00
2.00,3.00,1.00,4.00,0.01
2.00,3.00,1.00,3.00,0.02
2.00,3.00,2.00,1.00,0.00
2.00,3.00,2.00,2.00,0.00
2.00,3.00,2.00,6.00,0.00
2.00,3.00,2.00,5.00,0.01
2.00,3.00,2.00,3.00,0.37
2.00,3.00,2.00,4.00,0.55
2.00,3.00,3.00,1.00,0.00
2.00,3.00,3.00,2.00,0.00
2.00,3.00,3.00,3.00,0.00
2.00,3.00,3.00,4.00,0.00
2.00,3.00,3.00,5.00,0.00
2.00,3.00,3.00,6.00,0.00
2.00,3.00,4.00,1.00,0.00
2.00,3.00,4.00,2.00,0.00
2.00,3.00,4.00,4.00,0.00
2.00,3.00,4.00,5.00,0.00
2.00,3.00,4.00,6.00,0.00
2.00,3.00,4.00,3.00,0.01
2.00,3.00,5.00,1.00,0.00
2.00,3.00,5.00,2.00,0.00
2.00,3.00,5.00,3.00,0.00
2.00,3.00,5.00,4.00,0.00
2.00,3.00,5.00,5.00,0.00
2.00,3.00,5.00,6.00,0.00
2.00,3.00,6.00,1.00,0.00
2.00,3.00,6.00,2.00,0.00
2.00,3.00,6.00,3.00,0.00
2.00,3.00,6.00,5.00,0.00
2.00,3.00,6.00,6.00,0.00
2.00,3.00,6.00,4.00,0.01
2.00,3.00,7.00,1.00,0.00
2.00,3.00,7.00,2.00,0.00
2.00,3.00,7.00,3.00,0.00
2.00,3.00,7.00,4.00,0.00
2.00,3.00,7.00,5.00,0.00
2.00,3.00,7.00,6.00,0.00
2.00,3.00,8.00,1.00,0.00
2.00,3.00,8.00,2.00,0.00
2.00,3.00,8.00,3.00,0.00
2.00,3.00,8.00,4.00,0.00
2.00,3.00,8.00,5.00,0.00
2.00,3.00,8.00,6.00,0.00
2.00,4.00,1.00,1.00,0.00
2.00,4.00,1.00,2.00,0.00
2.00,4.00,1.00,5.00,0.00
2.00,4.00,1.00,6.00,0.00
2.00,4.00,1.00,3.00,0.01
2.00,4.00,1.00,4.00,0.03
2.00,4.00,2.00,6.00,0.00
2.00,4.00,2.00,5.00,0.02
2.00,4.00,2.00,2.00,0.05
2.00,4.00,2.00,3.00,0.07
2.00,4.00,2.00,1.00,0.07
2.00,4.00,2.00,4.00,0.69
2.00,4.00,3.00,1.00,0.00
2.00,4.00,3.00,2.00,0.00
2.00,4.00,3.00,3.00,0.00
2.00,4.00,3.00,4.00,0.00
2.00,4.00,3.00,5.00,0.00
2.00,4.00,3.00,6.00,0.00
2.00,4.00,4.00,1.00,0.00
2.00,4.00,4.00,2.00,0.00
2.00,4.00,4.00,3.00,0.00
2.00,4.00,4.00,4.00,0.00
2.00,4.00,4.00,5.00,0.00
2.00,4.00,4.00,6.00,0.00
2.00,4.00,5.00,1.00,0.00
2.00,4.00,5.00,2.00,0.00
2.00,4.00,5.00,3.00,0.00
2.00,4.00,5.00,4.00,0.00
2.00,4.00,5.00,5.00,0.00
2.00,4.00,5.00,6.00,0.00
2.00,4.00,6.00,1.00,0.00
2.00,4.00,6.00,2.00,0.00
2.00,4.00,6.00,3.00,0.00
2.00,4.00,6.00,5.00,0.00
2.00,4.00,6.00,6.00,0.00
2.00,4.00,6.00,4.00,0.01
2.00,4.00,7.00,1.00,0.00
2.00,4.00,7.00,2.00,0.00
2.00,4.00,7.00,3.00,0.00
2.00,4.00,7.00,4.00,0.00
2.00,4.00,7.00,5.00,0.00
2.00,4.00,7.00,6.00,0.00
2.00,4.00,8.00,1.00,0.00
2.00,4.00,8.00,2.00,0.00
2.00,4.00,8.00,3.00,0.00
2.00,4.00,8.00,4.00,0.00
2.00,4.00,8.00,5.00,0.00
2.00,4.00,8.00,6.00,0.00
2.00,5.00,1.00,1.00,0.00
2.00,5.00,1.00,2.00,0.00
2.00,5.00,1.00,3.00,0.00
2.00,5.00,1.00,4.00,0.00
2.00,5.00,1.00,6.00,0.00
2.00,5.00,1.00,5.00,0.05
2.00,5.00,2.00,1.00,0.00
2.00,5.00,2.00,2.00,0.00
2.00,5.00,2.00,3.00,0.00
2.00,5.00,2.00,4.00,0.00
2.00,5.00,2.00,6.00,0.03
2.00,5.00,2.00,5.00,0.86
2.00,5.00,3.00,1.00,0.00
2.00,5.00,3.00,2.00,0.00
2.00,5.00,3.00,3.00,0.00
2.00,5.00,3.00,4.00,0.00
2.00,5.00,3.00,5.00,0.00
2.00,5.00,3.00,6.00,0.00
2.00,5.00,4.00,1.00,0.00
2.00,5.00,4.00,2.00,0.00
2.00,5.00,4.00,3.00,0.00
2.00,5.00,4.00,4.00,0.00
2.00,5.00,4.00,6.00,0.00
2.00,5.00,4.00,5.00,0.04
2.00,5.00,5.00,1.00,0.00
2.00,5.00,5.00,2.00,0.00
2.00,5.00,5.00,3.00,0.00
2.00,5.00,5.00,4.00,0.00
2.00,5.00,5.00,5.00,0.00
2.00,5.00,5.00,6.00,0.00
2.00,5.00,6.00,1.00,0.00
2.00,5.00,6.00,2.00,0.00
2.00,5.00,6.00,3.00,0.00
2.00,5.00,6.00,4.00,0.00
2.00,5.00,6.00,6.00,0.00
2.00,5.00,6.00,5.00,0.01
2.00,5.00,7.00,1.00,0.00
2.00,5.00,7.00,2.00,0.00
2.00,5.00,7.00,3.00,0.00
2.00,5.00,7.00,4.00,0.00
2.00,5.00,7.00,5.00,0.00
2.00,5.00,7.00,6.00,0.00
2.00,5.00,8.00,1.00,0.00
2.00,5.00,8.00,2.00,0.00
2.00,5.00,8.00,3.00,0.00
2.00,5.00,8.00,4.00,0.00
2.00,5.00,8.00,5.00,0.00
2.00,5.00,8.00,6.00,0.00
2.00,6.00,1.00,1.00,0.00
2.00,6.00,1.00,2.00,0.00
2.00,6.00,1.00,3.00,0.00
2.00,6.00,1.00,4.00,0.00
2.00,6.00,1.00,5.00,0.00
2.00,6.00,1.00,6.00,0.03
2.00,6.00,2.00,1.00,0.00
2.00,6.00,2.00,2.00,0.00
2.00,6.00,2.00,5.00,0.00
2.00,6.00,2.00,3.00,0.01
2.00,6.00,2.00,4.00,0.02
2.00,6.00,2.00,6.00,0.89
2.00,6.00,3.00,1.00,0.00
2.00,6.00,3.00,2.00,0.00
2.00,6.00,3.00,3.00,0.00
2.00,6.00,3.00,4.00,0.00
2.00,6.00,3.00,5.00,0.00
2.00,6.00,3.00,6.00,0.00
2.00,6.00,4.00,1.00,0.00
2.00,6.00,4.00,2.00,0.00
2.00,6.00,4.00,3.00,0.00
2.00,6.00,4.00,4.00,0.00
2.00,6.00,4.00,5.00,0.00
2.00,6.00,4.00,6.00,0.00
2.00,6.00,5.00,1.00,0.00
2.00,6.00,5.00,2.00,0.00
2.00,6.00,5.00,3.00,0.00
2.00,6.00,5.00,4.00,0.00
2.00,6.00,5.00,5.00,0.00
2.00,6.00,5.00,6.00,0.00
2.00,6.00,6.00,1.00,0.00
2.00,6.00,6.00,2.00,0.00
2.00,6.00,6.00,3.00,0.00
2.00,6.00,6.00,4.00,0.00
2.00,6.00,6.00,5.00,0.00
2.00,6.00,6.00,6.00,0.02
2.00,6.00,7.00,1.00,0.00
2.00,6.00,7.00,2.00,0.00
2.00,6.00,7.00,3.00,0.00
2.00,6.00,7.00,4.00,0.00
2.00,6.00,7.00,5.00,0.00
2.00,6.00,7.00,6.00,0.00
2.00,6.00,8.00,1.00,0.00
2.00,6.00,8.00,2.00,0.00
2.00,6.00,8.00,3.00,0.00
2.00,6.00,8.00,4.00,0.00
2.00,6.00,8.00,5.00,0.00
2.00,6.00,8.00,6.00,0.00
3.00,1.00,1.00,1.00,0.00
3.00,1.00,1.00,2.00,0.00
3.00,1.00,1.00,3.00,0.00
3.00,1.00,1.00,4.00,0.00
3.00,1.00,1.00,5.00,0.00
3.00,1.00,1.00,6.00,0.00
3.00,1.00,2.00,1.00,0.00
3.00,1.00,2.00,2.00,0.00
3.00,1.00,2.00,3.00,0.00
3.00,1.00,2.00,4.00,0.00
3.00,1.00,2.00,5.00,0.00
3.00,1.00,2.00,6.00,0.00
3.00,1.00,3.00,4.00,0.00
3.00,1.00,3.00,5.00,0.00
3.00,1.00,3.00,6.00,0.00
3.00,1.00,3.00,1.00,0.20
3.00,1.00,3.00,3.00,0.21
3.00,1.00,3.00,2.00,0.53
3.00,1.00,4.00,4.00,0.00
3.00,1.00,4.00,5.00,0.00
3.00,1.00,4.00,6.00,0.00
3.00,1.00,4.00,3.00,0.01
3.00,1.00,4.00,1.00,0.01
3.00,1.00,4.00,2.00,0.02
3.00,1.00,5.00,1.00,0.00
3.00,1.00,5.00,2.00,0.00
3.00,1.00,5.00,3.00,0.00
3.00,1.00,5.00,4.00,0.00
3.00,1.00,5.00,5.00,0.00
3.00,1.00,5.00,6.00,0.00
3.00,1.00,6.00,1.00,0.00
3.00,1.00,6.00,2.00,0.00
3.00,1.00,6.00,3.00,0.00
3.00,1.00,6.00,4.00,0.00
3.00,1.00,6.00,5.00,0.00
3.00,1.00,6.00,6.00,0.00
3.00,1.00,7.00,1.00,0.00
3.00,1.00,7.00,2.00,0.00
3.00,1.00,7.00,3.00,0.00
3.00,1.00,7.00,4.00,0.00
3.00,1.00,7.00,5.00,0.00
3.00,1.00,7.00,6.00,0.00
3.00,1.00,8.00,1.00,0.00
3.00,1.00,8.00,2.00,0.00
3.00,1.00,8.00,3.00,0.00
3.00,1.00,8.00,4.00,0.00
3.00,1.00,8.00,5.00,0.00
3.00,1.00,8.00,6.00,0.00
3.00,2.00,1.00,1.00,0.00
3.00,2.00,1.00,2.00,0.00
3.00,2.00,1.00,3.00,0.00
3.00,2.00,1.00,4.00,0.00
3.00,2.00,1.00,5.00,0.00
3.00,2.00,1.00,6.00,0.00
3.00,2.00,2.00,1.00,0.00
3.00,2.00,2.00,2.00,0.00
3.00,2.00,2.00,3.00,0.00
3.00,2.00,2.00,4.00,0.00
3.00,2.00,2.00,5.00,0.00
3.00,2.00,2.00,6.00,0.00
3.00,2.00,3.00,1.00,0.00
3.00,2.00,3.00,4.00,0.00
3.00,2.00,3.00,5.00,0.00
3.00,2.00,3.00,6.00,0.00
3.00,2.00,3.00,3.00,0.12
3.00,2.00,3.00,2.00,0.83
3.00,2.00,4.00,1.00,0.00
3.00,2.00,4.00,4.00,0.00
3.00,2.00,4.00,5.00,0.00
3.00,2.00,4.00,6.00,0.00
3.00,2.00,4.00,2.00,0.01
3.00,2.00,4.00,3.00,0.02
3.00,2.00,5.00,1.00,0.00
3.00,2.00,5.00,2.00,0.00
3.00,2.00,5.00,3.00,0.00
3.00,2.00,5.00,4.00,0.00
3.00,2.00,5.00,5.00,0.00
3.00,2.00,5.00,6.00,0.00
3.00,2.00,6.00,1.00,0.00
3.00,2.00,6.00,2.00,0.00
3.00,2.00,6.00,3.00,0.00
3.00,2.00,6.00,4.00,0.00
3.00,2.00,6.00,5.00,0.00
3.00,2.00,6.00,6.00,0.00
3.00,2.00,7.00,1.00,0.00
3.00,2.00,7.00,2.00,0.00
3.00,2.00,7.00,3.00,0.00
3.00,2.00,7.00,4.00,0.00
3.00,2.00,7.00,5.00,0.00
3.00,2.00,7.00,6.00,0.00
3.00,2.00,8.00,1.00,0.00
3.00,2.00,8.00,2.00,0.00
3.00,2.00,8.00,3.00,0.00
3.00,2.00,8.00,4.00,0.00
3.00,2.00,8.00,5.00,0.00
3.00,2.00,8.00,6.00,0.00
3.00,3.00,1.00,1.00,0.00
3.00,3.00,1.00,2.00,0.00
3.00,3.00,1.00,3.00,0.00
3.00,3.00,1.00,5.00,0.00
3.00,3.00,1.00,6.00,0.00
3.00,3.00,1.00,4.00,0.01
3.00,3.00,2.00,1.00,0.00
3.00,3.00,2.00,2.00,0.00
3.00,3.00,2.00,3.00,0.00
3.00,3.00,2.00,4.00,0.00
3.00,3.00,2.00,5.00,0.00
3.00,3.00,2.00,6.00,0.00
3.00,3.00,3.00,1.00,0.00
3.00,3.00,3.00,5.00,0.00
3.00,3.00,3.00,6.00,0.00
3.00,3.00,3.00,2.00,0.02
3.00,3.00,3.00,4.00,0.31
3.00,3.00,3.00,3.00,0.61
3.00,3.00,4.00,1.00,0.00
3.00,3.00,4.00,2.00,0.00
3.00,3.00,4.00,4.00,0.00
3.00,3.00,4.00,5.00,0.00
3.00,3.00,4.00,6.00,0.00
3.00,3.00,4.00,3.00,0.02
3.00,3.00,5.00,1.00,0.00
3.00,3.00,5.00,2.00,0.00
3.00,3.00,5.00,3.00,0.00
3.00,3.00,5.00,4.00,0.00
3.00,3.00,5.00,5.00,0.00
3.00,3.00,5.00,6.00,0.00
3.00,3.00,6.00,1.00,0.00
3.00,3.00,6.00,2.00,0.00
3.00,3.00,6.00,3.00,0.00
3.00,3.00,6.00,5.00,0.00
3.00,3.00,6.00,6.00,0.00
3.00,3.00,6.00,4.00,0.01
3.00,3.00,7.00,1.00,0.00
3.00,3.00,7.00,2.00,0.00
3.00,3.00,7.00,3.00,0.00
3.00,3.00,7.00,4.00,0.00
3.00,3.00,7.00,5.00,0.00
3.00,3.00,7.00,6.00,0.00
3.00,3.00,8.00,1.00,0.00
3.00,3.00,8.00,2.00,0.00
3.00,3.00,8.00,3.00,0.00
3.00,3.00,8.00,4.00,0.00
3.00,3.00,8.00,5.00,0.00
3.00,3.00,8.00,6.00,0.00
3.00,4.00,1.00,1.00,0.00
3.00,4.00,1.00,2.00,0.00
3.00,4.00,1.00,3.00,0.00
3.00,4.00,1.00,4.00,0.00
3.00,4.00,1.00,5.00,0.00
3.00,4.00,1.00,6.00,0.00
3.00,4.00,2.00,1.00,0.00
3.00,4.00,2.00,2.00,0.00
3.00,4.00,2.00,3.00,0.00
3.00,4.00,2.00,4.00,0.00
3.00,4.00,2.00,5.00,0.00
3.00,4.00,2.00,6.00,0.00
3.00,4.00,3.00,5.00,0.00
3.00,4.00,3.00,6.00,0.00
3.00,4.00,3.00,1.00,0.01
3.00,4.00,3.00,3.00,0.07
3.00,4.00,3.00,2.00,0.07
3.00,4.00,3.00,4.00,0.81
3.00,4.00,4.00,1.00,0.00
3.00,4.00,4.00,2.00,0.00
3.00,4.00,4.00,3.00,0.00
3.00,4.00,4.00,4.00,0.00
3.00,4.00,4.00,5.00,0.00
3.00,4.00,4.00,6.00,0.00
3.00,4.00,5.00,1.00,0.00
3.00,4.00,5.00,2.00,0.00
3.00,4.00,5.00,3.00,0.00
3.00,4.00,5.00,4.00,0.00
3.00,4.00,5.00,5.00,0.00
3.00,4.00,5.00,6.00,0.00
3.00,4.00,6.00,1.00,0.00
3.00,4.00,6.00,2.00,0.00
3.00,4.00,6.00,3.00,0.00
3.00,4.00,6.00,5.00,0.00
3.00,4.00,6.00,6.00,0.00
3.00,4.00,6.00,4.00,0.01
3.00,4.00,7.00,1.00,0.00
3.00,4.00,7.00,2.00,0.00
3.00,4.00,7.00,3.00,0.00
3.00,4.00,7.00,4.00,0.00
3.00,4.00,7.00,5.00,0.00
3.00,4.00,7.00,6.00,0.00
3.00,4.00,8.00,1.00,0.00
3.00,4.00,8.00,2.00,0.00
3.00,4.00,8.00,3.00,0.00
3.00,4.00,8.00,4.00,0.00
3.00,4.00,8.00,5.00,0.00
3.00,4.00,8.00,6.00,0.00
3.00,5.00,1.00,1.00,0.00
3.00,5.00,1.00,2.00,0.00
3.00,5.00,1.00,3.00,0.00
3.00,5.00,1.00,4.00,0.00
3.00,5.00,1.00,6.00,0.00
3.00,5.00,1.00,5.00,0.01
3.00,5.00,2.00,1.00,0.00
3.00,5.00,2.00,2.00,0.00
3.00,5.00,2.00,3.00,0.00
3.00,5.00,2.00,4.00,0.00
3.00,5.00,2.00,5.00,0.00
3.00,5.00,2.00,6.00,0.00
3.00,5.00,3.00,1.00,0.00
3.00,5.00,3.00,2.00,0.00
3.00,5.00,3.00,3.00,0.00
3.00,5.00,3.00,4.00,0.00
3.00,5.00,3.00,6.00,0.00
3.00,5.00,3.00,5.00,0.84
3.00,5.00,4.00,1.00,0.00
3.00,5.00,4.00,2.00,0.00
3.00,5.00,4.00,3.00,0.00
3.00,5.00,4.00,4.00,0.00
3.00,5.00,4.00,6.00,0.00
3.00,5.00,4.00,5.00,0.11
3.00,5.00,5.00,1.00,0.00
3.00,5.00,5.00,2.00,0.00
3.00,5.00,5.00,3.00,0.00
3.00,5.00,5.00,4.00,0.00
3.00,5.00,5.00,5.00,0.00
3.00,5.00,5.00,6.00,0.00
3.00,5.00,6.00,1.00,0.00
3.00,5.00,6.00,2.00,0.00
3.00,5.00,6.00,3.00,0.00
3.00,5.00,6.00,4.00,0.00
3.00,5.00,6.00,6.00,0.00
3.00,5.00,6.00,5.00,0.02
3.00,5.00,7.00,1.00,0.00
3.00,5.00,7.00,2.00,0.00
3.00,5.00,7.00,3.00,0.00
3.00,5.00,7.00,4.00,0.00
3.00,5.00,7.00,5.00,0.00
3.00,5.00,7.00,6.00,0.00
3.00,5.00,8.00,1.00,0.00
3.00,5.00,8.00,2.00,0.00
3.00,5.00,8.00,3.00,0.00
3.00,5.00,8.00,4.00,0.00
3.00,5.00,8.00,5.00,0.00
3.00,5.00,8.00,6.00,0.00
3.00,6.00,1.00,1.00,0.00
3.00,6.00,1.00,2.00,0.00
3.00,6.00,1.00,3.00,0.00
3.00,6.00,1.00,4.00,0.00
3.00,6.00,1.00,5.00,0.00
3.00,6.00,1.00,6.00,0.00
3.00,6.00,2.00,1.00,0.00
3.00,6.00,2.00,2.00,0.00
3.00,6.00,2.00,3.00,0.00
3.00,6.00,2.00,4.00,0.00
3.00,6.00,2.00,5.00,0.00
3.00,6.00,2.00,6.00,0.00
3.00,6.00,3.00,1.00,0.00
3.00,6.00,3.00,2.00,0.00
3.00,6.00,3.00,3.00,0.00
3.00,6.00,3.00,4.00,0.00
3.00,6.00,3.00,5.00,0.00
3.00,6.00,3.00,6.00,0.91
3.00,6.00,4.00,1.00,0.00
3.00,6.00,4.00,2.00,0.00
3.00,6.00,4.00,3.00,0.00
3.00,6.00,4.00,4.00,0.00
3.00,6.00,4.00,5.00,0.00
3.00,6.00,4.00,6.00,0.01
3.00,6.00,5.00,1.00,0.00
3.00,6.00,5.00,2.00,0.00
3.00,6.00,5.00,3.00,0.00
3.00,6.00,5.00,4.00,0.00
3.00,6.00,5.00,5.00,0.00
3.00,6.00,5.00,6.00,0.02
3.00,6.00,6.00,1.00,0.00
3.00,6.00,6.00,2.00,0.00
3.00,6.00,6.00,3.00,0.00
3.00,6.00,6.00,4.00,0.00
3.00,6.00,6.00,5.00,0.00
3.00,6.00,6.00,6.00,0.02
3.00,6.00,7.00,1.00,0.00
3.00,6.00,7.00,2.00,0.00
3.00,6.00,7.00,3.00,0.00
3.00,6.00,7.00,4.00,0.00
3.00,6.00,7.00,5.00,0.00
3.00,6.00,7.00,6.00,0.00
3.00,6.00,8.00,1.00,0.00
3.00,6.00,8.00,2.00,0.00
3.00,6.00,8.00,3.00,0.00
3.00,6.00,8.00,4.00,0.00
3.00,6.00,8.00,5.00,0.00
3.00,6.00,8.00,6.00,0.01
4.00,1.00,1.00,1.00,0.00
4.00,1.00,1.00,4.00,0.00
4.00,1.00,1.00,5.00,0.00
4.00,1.00,1.00,6.00,0.00
4.00,1.00,1.00,2.00,0.01
4.00,1.00,1.00,3.00,0.01
4.00,1.00,2.00,1.00,0.00
4.00,1.00,2.00,2.00,0.00
4.00,1.00,2.00,3.00,0.00
4.00,1.00,2.00,4.00,0.00
4.00,1.00,2.00,5.00,0.00
4.00,1.00,2.00,6.00,0.00
4.00,1.00,3.00,1.00,0.00
4.00,1.00,3.00,2.00,0.00
4.00,1.00,3.00,3.00,0.00
4.00,1.00,3.00,4.00,0.00
4.00,1.00,3.00,5.00,0.00
4.00,1.00,3.00,6.00,0.00
4.00,1.00,4.00,4.00,0.00
4.00,1.00,4.00,5.00,0.00
4.00,1.00,4.00,6.00,0.00
4.00,1.00,4.00,3.00,0.03
4.00,1.00,4.00,1.00,0.34
4.00,1.00,4.00,2.00,0.58
4.00,1.00,5.00,1.00,0.00
4.00,1.00,5.00,3.00,0.00
4.00,1.00,5.00,4.00,0.00
4.00,1.00,5.00,5.00,0.00
4.00,1.00,5.00,6.00,0.00
4.00,1.00,5.00,2.00,0.01
4.00,1.00,6.00,1.00,0.00
4.00,1.00,6.00,2.00,0.00
4.00,1.00,6.00,3.00,0.00
4.00,1.00,6.00,4.00,0.00
4.00,1.00,6.00,5.00,0.00
4.00,1.00,6.00,6.00,0.00
4.00,1.00,7.00,1.00,0.00
4.00,1.00,7.00,2.00,0.00
4.00,1.00,7.00,3.00,0.00
4.00,1.00,7.00,4.00,0.00
4.00,1.00,7.00,5.00,0.00
4.00,1.00,7.00,6.00,0.00
4.00,1.00,8.00,1.00,0.00
4.00,1.00,8.00,2.00,0.00
4.00,1.00,8.00,3.00,0.00
4.00,1.00,8.00,4.00,0.00
4.00,1.00,8.00,5.00,0.00
4.00,1.00,8.00,6.00,0.00
4.00,2.00,1.00,1.00,0.00
4.00,2.00,1.00,2.00,0.00
4.00,2.00,1.00,3.00,0.00
4.00,2.00,1.00,4.00,0.00
4.00,2.00,1.00,5.00,0.00
4.00,2.00,1.00,6.00,0.00
4.00,2.00,2.00,1.00,0.00
4.00,2.00,2.00,2.00,0.00
4.00,2.00,2.00,3.00,0.00
4.00,2.00,2.00,4.00,0.00
4.00,2.00,2.00,5.00,0.00
4.00,2.00,2.00,6.00,0.00
4.00,2.00,3.00,1.00,0.00
4.00,2.00,3.00,2.00,0.00
4.00,2.00,3.00,3.00,0.00
4.00,2.00,3.00,4.00,0.00
4.00,2.00,3.00,5.00,0.00
4.00,2.00,3.00,6.00,0.00
4.00,2.00,4.00,1.00,0.00
4.00,2.00,4.00,4.00,0.00
4.00,2.00,4.00,5.00,0.00
4.00,2.00,4.00,6.00,0.00
4.00,2.00,4.00,3.00,0.17
4.00,2.00,4.00,2.00,0.82
4.00,2.00,5.00,1.00,0.00
4.00,2.00,5.00,2.00,0.00
4.00,2.00,5.00,3.00,0.00
4.00,2.00,5.00,4.00,0.00
4.00,2.00,5.00,5.00,0.00
4.00,2.00,5.00,6.00,0.00
4.00,2.00,6.00,1.00,0.00
4.00,2.00,6.00,2.00,0.00
4.00,2.00,6.00,3.00,0.00
4.00,2.00,6.00,4.00,0.00
4.00,2.00,6.00,5.00,0.00
4.00,2.00,6.00,6.00,0.00
4.00,2.00,7.00,1.00,0.00
4.00,2.00,7.00,2.00,0.00
4.00,2.00,7.00,3.00,0.00
4.00,2.00,7.00,4.00,0.00
4.00,2.00,7.00,5.00,0.00
4.00,2.00,7.00,6.00,0.00
4.00,2.00,8.00,1.00,0.00
4.00,2.00,8.00,2.00,0.00
4.00,2.00,8.00,3.00,0.00
4.00,2.00,8.00,4.00,0.00
4.00,2.00,8.00,5.00,0.00
4.00,2.00,8.00,6.00,0.00
4.00,3.00,1.00,1.00,0.00
4.00,3.00,1.00,2.00,0.00
4.00,3.00,1.00,3.00,0.00
4.00,3.00,1.00,4.00,0.00
4.00,3.00,1.00,5.00,0.00
4.00,3.00,1.00,6.00,0.00
4.00,3.00,2.00,1.00,0.00
4.00,3.00,2.00,2.00,0.00
4.00,3.00,2.00,3.00,0.00
4.00,3.00,2.00,4.00,0.00
4.00,3.00,2.00,5.00,0.00
4.00,3.00,2.00,6.00,0.00
4.00,3.00,3.00,1.00,0.00
4.00,3.00,3.00,2.00,0.00
4.00,3.00,3.00,3.00,0.00
4.00,3.00,3.00,4.00,0.00
4.00,3.00,3.00,5.00,0.00
4.00,3.00,3.00,6.00,0.00
4.00,3.00,4.00,1.00,0.00
4.00,3.00,4.00,2.00,0.00
4.00,3.00,4.00,5.00,0.00
4.00,3.00,4.00,6.00,0.00
4.00,3.00,4.00,4.00,0.20
4.00,3.00,4.00,3.00,0.79
4.00,3.00,5.00,1.00,0.00
4.00,3.00,5.00,2.00,0.00
4.00,3.00,5.00,3.00,0.00
4.00,3.00,5.00,4.00,0.00
4.00,3.00,5.00,5.00,0.00
4.00,3.00,5.00,6.00,0.00
4.00,3.00,6.00,1.00,0.00
4.00,3.00,6.00,2.00,0.00
4.00,3.00,6.00,3.00,0.00
4.00,3.00,6.00,4.00,0.00
4.00,3.00,6.00,5.00,0.00
4.00,3.00,6.00,6.00,0.00
4.00,3.00,7.00,1.00,0.00
4.00,3.00,7.00,2.00,0.00
4.00,3.00,7.00,3.00,0.00
4.00,3.00,7.00,4.00,0.00
4.00,3.00,7.00,5.00,0.00
4.00,3.00,7.00,6.00,0.00
4.00,3.00,8.00,1.00,0.00
4.00,3.00,8.00,2.00,0.00
4.00,3.00,8.00,3.00,0.00
4.00,3.00,8.00,4.00,0.00
4.00,3.00,8.00,5.00,0.00
4.00,3.00,8.00,6.00,0.00
4.00,4.00,1.00,1.00,0.00
4.00,4.00,1.00,2.00,0.00
4.00,4.00,1.00,3.00,0.00
4.00,4.00,1.00,4.00,0.00
4.00,4.00,1.00,5.00,0.00
4.00,4.00,1.00,6.00,0.00
4.00,4.00,2.00,1.00,0.00
4.00,4.00,2.00,2.00,0.00
4.00,4.00,2.00,3.00,0.00
4.00,4.00,2.00,4.00,0.00
4.00,4.00,2.00,5.00,0.00
4.00,4.00,2.00,6.00,0.00
4.00,4.00,3.00,1.00,0.00
4.00,4.00,3.00,2.00,0.00
4.00,4.00,3.00,3.00,0.00
4.00,4.00,3.00,4.00,0.00
4.00,4.00,3.00,5.00,0.00
4.00,4.00,3.00,6.00,0.00
4.00,4.00,4.00,2.00,0.00
4.00,4.00,4.00,3.00,0.00
4.00,4.00,4.00,5.00,0.00
4.00,4.00,4.00,6.00,0.00
4.00,4.00,4.00,1.00,0.01
4.00,4.00,4.00,4.00,0.97
4.00,4.00,5.00,1.00,0.00
4.00,4.00,5.00,2.00,0.00
4.00,4.00,5.00,3.00,0.00
4.00,4.00,5.00,4.00,0.00
4.00,4.00,5.00,5.00,0.00
4.00,4.00,5.00,6.00,0.00
4.00,4.00,6.00,1.00,0.00
4.00,4.00,6.00,2.00,0.00
4.00,4.00,6.00,3.00,0.00
4.00,4.00,6.00,5.00,0.00
4.00,4.00,6.00,6.00,0.00
4.00,4.00,6.00,4.00,0.01
4.00,4.00,7.00,1.00,0.00
4.00,4.00,7.00,2.00,0.00
4.00,4.00,7.00,3.00,0.00
4.00,4.00,7.00,4.00,0.00
4.00,4.00,7.00,5.00,0.00
4.00,4.00,7.00,6.00,0.00
4.00,4.00,8.00,1.00,0.00
4.00,4.00,8.00,2.00,0.00
4.00,4.00,8.00,3.00,0.00
4.00,4.00,8.00,4.00,0.00
4.00,4.00,8.00,5.00,0.00
4.00,4.00,8.00,6.00,0.00
4.00,5.00,1.00,1.00,0.00
4.00,5.00,1.00,2.00,0.00
4.00,5.00,1.00,3.00,0.00
4.00,5.00,1.00,4.00,0.00
4.00,5.00,1.00,5.00,0.00
4.00,5.00,1.00,6.00,0.00
4.00,5.00,2.00,1.00,0.00
4.00,5.00,2.00,2.00,0.00
4.00,5.00,2.00,3.00,0.00
4.00,5.00,2.00,4.00,0.00
4.00,5.00,2.00,5.00,0.00
4.00,5.00,2.00,6.00,0.00
4.00,5.00,3.00,1.00,0.00
4.00,5.00,3.00,2.00,0.00
4.00,5.00,3.00,3.00,0.00
4.00,5.00,3.00,4.00,0.00
4.00,5.00,3.00,5.00,0.00
4.00,5.00,3.00,6.00,0.00
4.00,5.00,4.00,1.00,0.00
4.00,5.00,4.00,2.00,0.00
4.00,5.00,4.00,3.00,0.00
4.00,5.00,4.00,4.00,0.00
4.00,5.00,4.00,6.00,0.00
4.00,5.00,4.00,5.00,0.98
4.00,5.00,5.00,1.00,0.00
4.00,5.00,5.00,2.00,0.00
4.00,5.00,5.00,3.00,0.00
4.00,5.00,5.00,4.00,0.00
4.00,5.00,5.00,5.00,0.00
4.00,5.00,5.00,6.00,0.00
4.00,5.00,6.00,1.00,0.00
4.00,5.00,6.00,2.00,0.00
4.00,5.00,6.00,3.00,0.00
4.00,5.00,6.00,4.00,0.00
4.00,5.00,6.00,6.00,0.00
4.00,5.00,6.00,5.00,0.01
4.00,5.00,7.00,1.00,0.00
4.00,5.00,7.00,2.00,0.00
4.00,5.00,7.00,3.00,0.00
4.00,5.00,7.00,4.00,0.00
4.00,5.00,7.00,5.00,0.00
4.00,5.00,7.00,6.00,0.00
4.00,5.00,8.00,1.00,0.00
4.00,5.00,8.00,2.00,0.00
4.00,5.00,8.00,3.00,0.00
4.00,5.00,8.00,4.00,0.00
4.00,5.00,8.00,5.00,0.00
4.00,5.00,8.00,6.00,0.00
4.00,6.00,1.00,1.00,0.00
4.00,6.00,1.00,2.00,0.00
4.00,6.00,1.00,3.00,0.00
4.00,6.00,1.00,4.00,0.00
4.00,6.00,1.00,5.00,0.00
4.00,6.00,1.00,6.00,0.00
4.00,6.00,2.00,1.00,0.00
4.00,6.00,2.00,2.00,0.00
4.00,6.00,2.00,3.00,0.00
4.00,6.00,2.00,4.00,0.00
4.00,6.00,2.00,5.00,0.00
4.00,6.00,2.00,6.00,0.00
4.00,6.00,3.00,1.00,0.00
4.00,6.00,3.00,2.00,0.00
4.00,6.00,3.00,3.00,0.00
4.00,6.00,3.00,4.00,0.00
4.00,6.00,3.00,5.00,0.00
4.00,6.00,3.00,6.00,0.00
4.00,6.00,4.00,1.00,0.00
4.00,6.00,4.00,2.00,0.00
4.00,6.00,4.00,3.00,0.00
4.00,6.00,4.00,4.00,0.00
4.00,6.00,4.00,5.00,0.00
4.00,6.00,4.00,6.00,0.97
4.00,6.00,5.00,1.00,0.00
4.00,6.00,5.00,2.00,0.00
4.00,6.00,5.00,3.00,0.00
4.00,6.00,5.00,4.00,0.00
4.00,6.00,5.00,5.00,0.00
4.00,6.00,5.00,6.00,0.00
4.00,6.00,6.00,1.00,0.00
4.00,6.00,6.00,2.00,0.00
4.00,6.00,6.00,3.00,0.00
4.00,6.00,6.00,4.00,0.00
4.00,6.00,6.00,5.00,0.00
4.00,6.00,6.00,6.00,0.02
4.00,6.00,7.00,1.00,0.00
4.00,6.00,7.00,2.00,0.00
4.00,6.00,7.00,3.00,0.00
4.00,6.00,7.00,4.00,0.00
4.00,6.00,7.00,5.00,0.00
4.00,6.00,7.00,6.00,0.00
4.00,6.00,8.00,1.00,0.00
4.00,6.00,8.00,2.00,0.00
4.00,6.00,8.00,3.00,0.00
4.00,6.00,8.00,4.00,0.00
4.00,6.00,8.00,5.00,0.00
4.00,6.00,8.00,6.00,0.00
5.00,1.00,1.00,1.00,0.00
5.00,1.00,1.00,2.00,0.00
5.00,1.00,1.00,4.00,0.00
5.00,1.00,1.00,5.00,0.00
5.00,1.00,1.00,6.00,0.00
5.00,1.00,1.00,3.00,0.02
5.00,1.00,2.00,1.00,0.00
5.00,1.00,2.00,2.00,0.00
5.00,1.00,2.00,3.00,0.00
5.00,1.00,2.00,4.00,0.00
5.00,1.00,2.00,5.00,0.00
5.00,1.00,2.00,6.00,0.00
5.00,1.00,3.00,1.00,0.00
5.00,1.00,3.00,2.00,0.00
5.00,1.00,3.00,3.00,0.00
5.00,1.00,3.00,4.00,0.00
5.00,1.00,3.00,5.00,0.00
5.00,1.00,3.00,6.00,0.00
5.00,1.00,4.00,1.00,0.00
5.00,1.00,4.00,4.00,0.00
5.00,1.00,4.00,5.00,0.00
5.00,1.00,4.00,6.00,0.00
5.00,1.00,4.00,3.00,0.01
5.00,1.00,4.00,2.00,0.08
5.00,1.00,5.00,5.00,0.00
5.00,1.00,5.00,6.00,0.00
5.00,1.00,5.00,4.00,0.01
5.00,1.00,5.00,3.00,0.14
5.00,1.00,5.00,1.00,0.19
5.00,1.00,5.00,2.00,0.50
5.00,1.00,6.00,1.00,0.00
5.00,1.00,6.00,3.00,0.00
5.00,1.00,6.00,4.00,0.00
5.00,1.00,6.00,5.00,0.00
5.00,1.00,6.00,6.00,0.00
5.00,1.00,6.00,2.00,0.01
5.00,1.00,7.00,1.00,0.00
5.00,1.00,7.00,2.00,0.00
5.00,1.00,7.00,3.00,0.00
5.00,1.00,7.00,4.00,0.00
5.00,1.00,7.00,5.00,0.00
5.00,1.00,7.00,6.00,0.00
5.00,1.00,8.00,1.00,0.00
5.00,1.00,8.00,2.00,0.00
5.00,1.00,8.00,3.00,0.00
5.00,1.00,8.00,4.00,0.00
5.00,1.00,8.00,5.00,0.00
5.00,1.00,8.00,6.00,0.00
5.00,2.00,1.00,1.00,0.00
5.00,2.00,1.00,2.00,0.00
5.00,2.00,1.00,3.00,0.00
5.00,2.00,1.00,4.00,0.00
5.00,2.00,1.00,5.00,0.00
5.00,2.00,1.00,6.00,0.00
5.00,2.00,2.00,1.00,0.00
5.00,2.00,2.00,2.00,0.00
5.00,2.00,2.00,3.00,0.00
5.00,2.00,2.00,4.00,0.00
5.00,2.00,2.00,5.00,0.00
5.00,2.00,2.00,6.00,0.00
5.00,2.00,3.00,1.00,0.00
5.00,2.00,3.00,2.00,0.00
5.00,2.00,3.00,3.00,0.00
5.00,2.00,3.00,4.00,0.00
5.00,2.00,3.00,5.00,0.00
5.00,2.00,3.00,6.00,0.00
5.00,2.00,4.00,1.00,0.00
5.00,2.00,4.00,4.00,0.00
5.00,2.00,4.00,5.00,0.00
5.00,2.00,4.00,6.00,0.00
5.00,2.00,4.00,3.00,0.02
5.00,2.00,4.00,2.00,0.08
5.00,2.00,5.00,1.00,0.00
5.00,2.00,5.00,5.00,0.00
5.00,2.00,5.00,6.00,0.00
5.00,2.00,5.00,4.00,0.01
5.00,2.00,5.00,3.00,0.17
5.00,2.00,5.00,2.00,0.68
5.00,2.00,6.00,1.00,0.00
5.00,2.00,6.00,3.00,0.00
5.00,2.00,6.00,4.00,0.00
5.00,2.00,6.00,5.00,0.00
5.00,2.00,6.00,6.00,0.00
5.00,2.00,6.00,2.00,0.01
5.00,2.00,7.00,1.00,0.00
5.00,2.00,7.00,2.00,0.00
5.00,2.00,7.00,3.00,0.00
5.00,2.00,7.00,4.00,0.00
5.00,2.00,7.00,5.00,0.00
5.00,2.00,7.00,6.00,0.00
5.00,2.00,8.00,1.00,0.00
5.00,2.00,8.00,2.00,0.00
5.00,2.00,8.00,3.00,0.00
5.00,2.00,8.00,4.00,0.00
5.00,2.00,8.00,5.00,0.00
5.00,2.00,8.00,6.00,0.00
5.00,3.00,1.00,1.00,0.00
5.00,3.00,1.00,2.00,0.00
5.00,3.00,1.00,3.00,0.00
5.00,3.00,1.00,4.00,0.00
5.00,3.00,1.00,5.00,0.00
5.00,3.00,1.00,6.00,0.00
5.00,3.00,2.00,1.00,0.00
5.00,3.00,2.00,2.00,0.00
5.00,3.00,2.00,3.00,0.00
5.00,3.00,2.00,4.00,0.00
5.00,3.00,2.00,5.00,0.00
5.00,3.00,2.00,6.00,0.00
5.00,3.00,3.00,1.00,0.00
5.00,3.00,3.00,2.00,0.00
5.00,3.00,3.00,3.00,0.00
5.00,3.00,3.00,4.00,0.00
5.00,3.00,3.00,5.00,0.00
5.00,3.00,3.00,6.00,0.00
5.00,3.00,4.00,1.00,0.00
5.00,3.00,4.00,2.00,0.00
5.00,3.00,4.00,4.00,0.00
5.00,3.00,4.00,5.00,0.00
5.00,3.00,4.00,6.00,0.00
5.00,3.00,4.00,3.00,0.03
5.00,3.00,5.00,1.00,0.00
5.00,3.00,5.00,2.00,0.00
5.00,3.00,5.00,5.00,0.00
5.00,3.00,5.00,6.00,0.00
5.00,3.00,5.00,4.00,0.32
5.00,3.00,5.00,3.00,0.63
5.00,3.00,6.00,1.00,0.00
5.00,3.00,6.00,2.00,0.00
5.00,3.00,6.00,3.00,0.00
5.00,3.00,6.00,5.00,0.00
5.00,3.00,6.00,6.00,0.00
5.00,3.00,6.00,4.00,0.01
5.00,3.00,7.00,1.00,0.00
5.00,3.00,7.00,2.00,0.00
5.00,3.00,7.00,3.00,0.00
5.00,3.00,7.00,4.00,0.00
5.00,3.00,7.00,5.00,0.00
5.00,3.00,7.00,6.00,0.00
5.00,3.00,8.00,1.00,0.00
5.00,3.00,8.00,2.00,0.00
5.00,3.00,8.00,3.00,0.00
5.00,3.00,8.00,4.00,0.00
5.00,3.00,8.00,5.00,0.00
5.00,3.00,8.00,6.00,0.00
5.00,4.00,1.00,1.00,0.00
5.00,4.00,1.00,2.00,0.00
5.00,4.00,1.00,3.00,0.00
5.00,4.00,1.00,4.00,0.00
5.00,4.00,1.00,5.00,0.00
5.00,4.00,1.00,6.00,0.00
5.00,4.00,2.00,1.00,0.00
5.00,4.00,2.00,2.00,0.00
5.00,4.00,2.00,3.00,0.00
5.00,4.00,2.00,4.00,0.00
5.00,4.00,2.00,5.00,0.00
5.00,4.00,2.00,6.00,0.00
5.00,4.00,3.00,1.00,0.00
5.00,4.00,3.00,2.00,0.00
5.00,4.00,3.00,3.00,0.00
5.00,4.00,3.00,4.00,0.00
5.00,4.00,3.00,5.00,0.00
5.00,4.00,3.00,6.00,0.00
5.00,4.00,4.00,1.00,0.00
5.00,4.00,4.00,2.00,0.00
5.00,4.00,4.00,3.00,0.00
5.00,4.00,4.00,4.00,0.00
5.00,4.00,4.00,5.00,0.00
5.00,4.00,4.00,6.00,0.00
5.00,4.00,5.00,5.00,0.00
5.00,4.00,5.00,6.00,0.00
5.00,4.00,5.00,3.00,0.01
5.00,4.00,5.00,2.00,0.01
5.00,4.00,5.00,1.00,0.02
5.00,4.00,5.00,4.00,0.92
5.00,4.00,6.00,1.00,0.00
5.00,4.00,6.00,2.00,0.00
5.00,4.00,6.00,3.00,0.00
5.00,4.00,6.00,5.00,0.00
5.00,4.00,6.00,6.00,0.00
5.00,4.00,6.00,4.00,0.02
5.00,4.00,7.00,1.00,0.00
5.00,4.00,7.00,2.00,0.00
5.00,4.00,7.00,3.00,0.00
5.00,4.00,7.00,4.00,0.00
5.00,4.00,7.00,5.00,0.00
5.00,4.00,7.00,6.00,0.00
5.00,4.00,8.00,1.00,0.00
5.00,4.00,8.00,2.00,0.00
5.00,4.00,8.00,3.00,0.00
5.00,4.00,8.00,4.00,0.00
5.00,4.00,8.00,5.00,0.00
5.00,4.00,8.00,6.00,0.00
5.00,5.00,1.00,1.00,0.00
5.00,5.00,1.00,2.00,0.00
5.00,5.00,1.00,3.00,0.00
5.00,5.00,1.00,4.00,0.00
5.00,5.00,1.00,5.00,0.00
5.00,5.00,1.00,6.00,0.00
5.00,5.00,2.00,1.00,0.00
5.00,5.00,2.00,2.00,0.00
5.00,5.00,2.00,3.00,0.00
5.00,5.00,2.00,4.00,0.00
5.00,5.00,2.00,5.00,0.00
5.00,5.00,2.00,6.00,0.00
5.00,5.00,3.00,1.00,0.00
5.00,5.00,3.00,2.00,0.00
5.00,5.00,3.00,3.00,0.00
5.00,5.00,3.00,4.00,0.00
5.00,5.00,3.00,5.00,0.00
5.00,5.00,3.00,6.00,0.00
5.00,5.00,4.00,1.00,0.00
5.00,5.00,4.00,2.00,0.00
5.00,5.00,4.00,3.00,0.00
5.00,5.00,4.00,4.00,0.00
5.00,5.00,4.00,6.00,0.00
5.00,5.00,4.00,5.00,0.08
5.00,5.00,5.00,1.00,0.00
5.00,5.00,5.00,2.00,0.00
5.00,5.00,5.00,3.00,0.00
5.00,5.00,5.00,4.00,0.00
5.00,5.00,5.00,6.00,0.01
5.00,5.00,5.00,5.00,0.87
5.00,5.00,6.00,1.00,0.00
5.00,5.00,6.00,2.00,0.00
5.00,5.00,6.00,3.00,0.00
5.00,5.00,6.00,4.00,0.00
5.00,5.00,6.00,6.00,0.00
5.00,5.00,6.00,5.00,0.03
5.00,5.00,7.00,1.00,0.00
5.00,5.00,7.00,2.00,0.00
5.00,5.00,7.00,3.00,0.00
5.00,5.00,7.00,4.00,0.00
5.00,5.00,7.00,5.00,0.00
5.00,5.00,7.00,6.00,0.00
5.00,5.00,8.00,1.00,0.00
5.00,5.00,8.00,2.00,0.00
5.00,5.00,8.00,3.00,0.00
5.00,5.00,8.00,4.00,0.00
5.00,5.00,8.00,5.00,0.00
5.00,5.00,8.00,6.00,0.00
5.00,6.00,1.00,1.00,0.00
5.00,6.00,1.00,2.00,0.00
5.00,6.00,1.00,3.00,0.00
5.00,6.00,1.00,4.00,0.00
5.00,6.00,1.00,5.00,0.00
5.00,6.00,1.00,6.00,0.00
5.00,6.00,2.00,1.00,0.00
5.00,6.00,2.00,2.00,0.00
5.00,6.00,2.00,3.00,0.00
5.00,6.00,2.00,4.00,0.00
5.00,6.00,2.00,5.00,0.00
5.00,6.00,2.00,6.00,0.00
5.00,6.00,3.00,1.00,0.00
5.00,6.00,3.00,2.00,0.00
5.00,6.00,3.00,3.00,0.00
5.00,6.00,3.00,4.00,0.00
5.00,6.00,3.00,5.00,0.00
5.00,6.00,3.00,6.00,0.00
5.00,6.00,4.00,1.00,0.00
5.00,6.00,4.00,2.00,0.00
5.00,6.00,4.00,3.00,0.00
5.00,6.00,4.00,4.00,0.00
5.00,6.00,4.00,5.00,0.00
5.00,6.00,4.00,6.00,0.02
5.00,6.00,5.00,1.00,0.00
5.00,6.00,5.00,2.00,0.00
5.00,6.00,5.00,3.00,0.00
5.00,6.00,5.00,4.00,0.00
5.00,6.00,5.00,5.00,0.00
5.00,6.00,5.00,6.00,0.95
5.00,6.00,6.00,1.00,0.00
5.00,6.00,6.00,2.00,0.00
5.00,6.00,6.00,3.00,0.00
5.00,6.00,6.00,4.00,0.00
5.00,6.00,6.00,5.00,0.00
5.00,6.00,6.00,6.00,0.02
5.00,6.00,7.00,1.00,0.00
5.00,6.00,7.00,2.00,0.00
5.00,6.00,7.00,3.00,0.00
5.00,6.00,7.00,4.00,0.00
5.00,6.00,7.00,5.00,0.00
5.00,6.00,7.00,6.00,0.00
5.00,6.00,8.00,1.00,0.00
5.00,6.00,8.00,2.00,0.00
5.00,6.00,8.00,3.00,0.00
5.00,6.00,8.00,4.00,0.00
5.00,6.00,8.00,5.00,0.00
5.00,6.00,8.00,6.00,0.00
6.00,1.00,1.00,1.00,0.00
6.00,1.00,1.00,2.00,0.00
6.00,1.00,1.00,4.00,0.00
6.00,1.00,1.00,5.00,0.00
6.00,1.00,1.00,6.00,0.00
6.00,1.00,1.00,3.00,0.01
6.00,1.00,2.00,1.00,0.00
6.00,1.00,2.00,2.00,0.00
6.00,1.00,2.00,3.00,0.00
6.00,1.00,2.00,4.00,0.00
6.00,1.00,2.00,5.00,0.00
6.00,1.00,2.00,6.00,0.00
6.00,1.00,3.00,1.00,0.00
6.00,1.00,3.00,2.00,0.00
6.00,1.00,3.00,3.00,0.00
6.00,1.00,3.00,4.00,0.00
6.00,1.00,3.00,5.00,0.00
6.00,1.00,3.00,6.00,0.00
6.00,1.00,4.00,1.00,0.00
6.00,1.00,4.00,3.00,0.00
6.00,1.00,4.00,4.00,0.00
6.00,1.00,4.00,5.00,0.00
6.00,1.00,4.00,6.00,0.00
6.00,1.00,4.00,2.00,0.03
6.00,1.00,5.00,1.00,0.00
6.00,1.00,5.00,2.00,0.00
6.00,1.00,5.00,3.00,0.00
6.00,1.00,5.00,4.00,0.00
6.00,1.00,5.00,5.00,0.00
6.00,1.00,5.00,6.00,0.00
6.00,1.00,6.00,5.00,0.00
6.00,1.00,6.00,6.00,0.00
6.00,1.00,6.00,4.00,0.02
6.00,1.00,6.00,3.00,0.06
6.00,1.00,6.00,2.00,0.34
6.00,1.00,6.00,1.00,0.51
6.00,1.00,7.00,1.00,0.00
6.00,1.00,7.00,2.00,0.00
6.00,1.00,7.00,3.00,0.00
6.00,1.00,7.00,4.00,0.00
6.00,1.00,7.00,5.00,0.00
6.00,1.00,7.00,6.00,0.00
6.00,1.00,8.00,1.00,0.00
6.00,1.00,8.00,2.00,0.00
6.00,1.00,8.00,3.00,0.00
6.00,1.00,8.00,4.00,0.00
6.00,1.00,8.00,5.00,0.00
6.00,1.00,8.00,6.00,0.00
6.00,2.00,1.00,1.00,0.00
6.00,2.00,1.00,2.00,0.00
6.00,2.00,1.00,3.00,0.00
6.00,2.00,1.00,4.00,0.00
6.00,2.00,1.00,5.00,0.00
6.00,2.00,1.00,6.00,0.00
6.00,2.00,2.00,1.00,0.00
6.00,2.00,2.00,2.00,0.00
6.00,2.00,2.00,3.00,0.00
6.00,2.00,2.00,4.00,0.00
6.00,2.00,2.00,5.00,0.00
6.00,2.00,2.00,6.00,0.00
6.00,2.00,3.00,1.00,0.00
6.00,2.00,3.00,2.00,0.00
6.00,2.00,3.00,3.00,0.00
6.00,2.00,3.00,4.00,0.00
6.00,2.00,3.00,5.00,0.00
6.00,2.00,3.00,6.00,0.00
6.00,2.00,4.00,1.00,0.00
6.00,2.00,4.00,4.00,0.00
6.00,2.00,4.00,5.00,0.00
6.00,2.00,4.00,6.00,0.00
6.00,2.00,4.00,3.00,0.01
6.00,2.00,4.00,2.00,0.02
6.00,2.00,5.00,1.00,0.00
6.00,2.00,5.00,2.00,0.00
6.00,2.00,5.00,3.00,0.00
6.00,2.00,5.00,4.00,0.00
6.00,2.00,5.00,5.00,0.00
6.00,2.00,5.00,6.00,0.00
6.00,2.00,6.00,1.00,0.00
6.00,2.00,6.00,5.00,0.00
6.00,2.00,6.00,6.00,0.00
6.00,2.00,6.00,4.00,0.03
6.00,2.00,6.00,3.00,0.28
6.00,2.00,6.00,2.00,0.64
6.00,2.00,7.00,1.00,0.00
6.00,2.00,7.00,2.00,0.00
6.00,2.00,7.00,3.00,0.00
6.00,2.00,7.00,4.00,0.00
6.00,2.00,7.00,5.00,0.00
6.00,2.00,7.00,6.00,0.00
6.00,2.00,8.00,1.00,0.00
6.00,2.00,8.00,2.00,0.00
6.00,2.00,8.00,3.00,0.00
6.00,2.00,8.00,4.00,0.00
6.00,2.00,8.00,5.00,0.00
6.00,2.00,8.00,6.00,0.00
6.00,3.00,1.00,1.00,0.00
6.00,3.00,1.00,2.00,0.00
6.00,3.00,1.00,3.00,0.00
6.00,3.00,1.00,4.00,0.00
6.00,3.00,1.00,5.00,0.00
6.00,3.00,1.00,6.00,0.00
6.00,3.00,2.00,1.00,0.00
6.00,3.00,2.00,2.00,0.00
6.00,3.00,2.00,3.00,0.00
6.00,3.00,2.00,4.00,0.00
6.00,3.00,2.00,5.00,0.00
6.00,3.00,2.00,6.00,0.00
6.00,3.00,3.00,1.00,0.00
6.00,3.00,3.00,2.00,0.00
6.00,3.00,3.00,3.00,0.00
6.00,3.00,3.00,4.00,0.00
6.00,3.00,3.00,5.00,0.00
6.00,3.00,3.00,6.00,0.00
6.00,3.00,4.00,1.00,0.00
6.00,3.00,4.00,2.00,0.00
6.00,3.00,4.00,3.00,0.00
6.00,3.00,4.00,4.00,0.00
6.00,3.00,4.00,5.00,0.00
6.00,3.00,4.00,6.00,0.00
6.00,3.00,5.00,1.00,0.00
6.00,3.00,5.00,2.00,0.00
6.00,3.00,5.00,3.00,0.00
6.00,3.00,5.00,4.00,0.00
6.00,3.00,5.00,5.00,0.00
6.00,3.00,5.00,6.00,0.00
6.00,3.00,6.00,1.00,0.00
6.00,3.00,6.00,2.00,0.00
6.00,3.00,6.00,5.00,0.00
6.00,3.00,6.00,6.00,0.00
6.00,3.00,6.00,3.00,0.45
6.00,3.00,6.00,4.00,0.54
6.00,3.00,7.00,1.00,0.00
6.00,3.00,7.00,2.00,0.00
6.00,3.00,7.00,3.00,0.00
6.00,3.00,7.00,4.00,0.00
6.00,3.00,7.00,5.00,0.00
6.00,3.00,7.00,6.00,0.00
6.00,3.00,8.00,1.00,0.00
6.00,3.00,8.00,2.00,0.00
6.00,3.00,8.00,3.00,0.00
6.00,3.00,8.00,4.00,0.00
6.00,3.00,8.00,5.00,0.00
6.00,3.00,8.00,6.00,0.00
6.00,4.00,1.00,1.00,0.00
6.00,4.00,1.00,2.00,0.00
6.00,4.00,1.00,3.00,0.00
6.00,4.00,1.00,4.00,0.00
6.00,4.00,1.00,5.00,0.00
6.00,4.00,1.00,6.00,0.00
6.00,4.00,2.00,1.00,0.00
6.00,4.00,2.00,2.00,0.00
6.00,4.00,2.00,3.00,0.00
6.00,4.00,2.00,4.00,0.00
6.00,4.00,2.00,5.00,0.00
6.00,4.00,2.00,6.00,0.00
6.00,4.00,3.00,1.00,0.00
6.00,4.00,3.00,2.00,0.00
6.00,4.00,3.00,3.00,0.00
6.00,4.00,3.00,4.00,0.00
6.00,4.00,3.00,5.00,0.00
6.00,4.00,3.00,6.00,0.00
6.00,4.00,4.00,1.00,0.00
6.00,4.00,4.00,2.00,0.00
6.00,4.00,4.00,3.00,0.00
6.00,4.00,4.00,4.00,0.00
6.00,4.00,4.00,5.00,0.00
6.00,4.00,4.00,6.00,0.00
6.00,4.00,5.00,1.00,0.00
6.00,4.00,5.00,2.00,0.00
6.00,4.00,5.00,3.00,0.00
6.00,4.00,5.00,4.00,0.00
6.00,4.00,5.00,5.00,0.00
6.00,4.00,5.00,6.00,0.00
6.00,4.00,6.00,3.00,0.00
6.00,4.00,6.00,6.00,0.00
6.00,4.00,6.00,1.00,0.01
6.00,4.00,6.00,2.00,0.01
6.00,4.00,6.00,5.00,0.02
6.00,4.00,6.00,4.00,0.94
6.00,4.00,7.00,1.00,0.00
6.00,4.00,7.00,2.00,0.00
6.00,4.00,7.00,3.00,0.00
6.00,4.00,7.00,4.00,0.00
6.00,4.00,7.00,5.00,0.00
6.00,4.00,7.00,6.00,0.00
6.00,4.00,8.00,1.00,0.00
6.00,4.00,8.00,2.00,0.00
6.00,4.00,8.00,3.00,0.00
6.00,4.00,8.00,4.00,0.00
6.00,4.00,8.00,5.00,0.00
6.00,4.00,8.00,6.00,0.00
6.00,5.00,1.00,1.00,0.00
6.00,5.00,1.00,2.00,0.00
6.00,5.00,1.00,3.00,0.00
6.00,5.00,1.00,4.00,0.00
6.00,5.00,1.00,5.00,0.00
6.00,5.00,1.00,6.00,0.00
6.00,5.00,2.00,1.00,0.00
6.00,5.00,2.00,2.00,0.00
6.00,5.00,2.00,3.00,0.00
6.00,5.00,2.00,4.00,0.00
6.00,5.00,2.00,5.00,0.00
6.00,5.00,2.00,6.00,0.00
6.00,5.00,3.00,1.00,0.00
6.00,5.00,3.00,2.00,0.00
6.00,5.00,3.00,3.00,0.00
6.00,5.00,3.00,4.00,0.00
6.00,5.00,3.00,5.00,0.00
6.00,5.00,3.00,6.00,0.00
6.00,5.00,4.00,1.00,0.00
6.00,5.00,4.00,2.00,0.00
6.00,5.00,4.00,3.00,0.00
6.00,5.00,4.00,4.00,0.00
6.00,5.00,4.00,6.00,0.00
6.00,5.00,4.00,5.00,0.03
6.00,5.00,5.00,1.00,0.00
6.00,5.00,5.00,2.00,0.00
6.00,5.00,5.00,3.00,0.00
6.00,5.00,5.00,4.00,0.00
6.00,5.00,5.00,5.00,0.00
6.00,5.00,5.00,6.00,0.00
6.00,5.00,6.00,1.00,0.00
6.00,5.00,6.00,2.00,0.00
6.00,5.00,6.00,3.00,0.00
6.00,5.00,6.00,4.00,0.00
6.00,5.00,6.00,6.00,0.05
6.00,5.00,6.00,5.00,0.91
6.00,5.00,7.00,1.00,0.00
6.00,5.00,7.00,2.00,0.00
6.00,5.00,7.00,3.00,0.00
6.00,5.00,7.00,4.00,0.00
6.00,5.00,7.00,5.00,0.00
6.00,5.00,7.00,6.00,0.00
6.00,5.00,8.00,1.00,0.00
6.00,5.00,8.00,2.00,0.00
6.00,5.00,8.00,3.00,0.00
6.00,5.00,8.00,4.00,0.00
6.00,5.00,8.00,5.00,0.00
6.00,5.00,8.00,6.00,0.00
6.00,6.00,1.00,1.00,0.00
6.00,6.00,1.00,2.00,0.00
6.00,6.00,1.00,3.00,0.00
6.00,6.00,1.00,4.00,0.00
6.00,6.00,1.00,5.00,0.00
6.00,6.00,1.00,6.00,0.00
6.00,6.00,2.00,1.00,0.00
6.00,6.00,2.00,2.00,0.00
6.00,6.00,2.00,3.00,0.00
6.00,6.00,2.00,4.00,0.00
6.00,6.00,2.00,5.00,0.00
6.00,6.00,2.00,6.00,0.00
6.00,6.00,3.00,1.00,0.00
6.00,6.00,3.00,2.00,0.00
6.00,6.00,3.00,3.00,0.00
6.00,6.00,3.00,4.00,0.00
6.00,6.00,3.00,5.00,0.00
6.00,6.00,3.00,6.00,0.00
6.00,6.00,4.00,1.00,0.00
6.00,6.00,4.00,2.00,0.00
6.00,6.00,4.00,3.00,0.00
6.00,6.00,4.00,4.00,0.00
6.00,6.00,4.00,5.00,0.00
6.00,6.00,4.00,6.00,0.01
6.00,6.00,5.00,1.00,0.00
6.00,6.00,5.00,2.00,0.00
6.00,6.00,5.00,3.00,0.00
6.00,6.00,5.00,4.00,0.00
6.00,6.00,5.00,5.00,0.00
6.00,6.00,5.00,6.00,0.00
6.00,6.00,6.00,1.00,0.00
6.00,6.00,6.00,2.00,0.00
6.00,6.00,6.00,3.00,0.00
6.00,6.00,6.00,4.00,0.00
6.00,6.00,6.00,5.00,0.00
6.00,6.00,6.00,6.00,0.98
6.00,6.00,7.00,1.00,0.00
6.00,6.00,7.00,2.00,0.00
6.00,6.00,7.00,3.00,0.00
6.00,6.00,7.00,4.00,0.00
6.00,6.00,7.00,5.00,0.00
6.00,6.00,7.00,6.00,0.00
6.00,6.00,8.00,1.00,0.00
6.00,6.00,8.00,2.00,0.00
6.00,6.00,8.00,3.00,0.00
6.00,6.00,8.00,4.00,0.00
6.00,6.00,8.00,5.00,0.00
6.00,6.00,8.00,6.00,0.00
7.00,1.00,1.00,1.00,0.00
7.00,1.00,1.00,2.00,0.00
7.00,1.00,1.00,3.00,0.00
7.00,1.00,1.00,4.00,0.00
7.00,1.00,1.00,5.00,0.00
7.00,1.00,1.00,6.00,0.00
7.00,1.00,2.00,1.00,0.00
7.00,1.00,2.00,2.00,0.00
7.00,1.00,2.00,3.00,0.00
7.00,1.00,2.00,4.00,0.00
7.00,1.00,2.00,5.00,0.00
7.00,1.00,2.00,6.00,0.00
7.00,1.00,3.00,1.00,0.00
7.00,1.00,3.00,2.00,0.00
7.00,1.00,3.00,3.00,0.00
7.00,1.00,3.00,4.00,0.00
7.00,1.00,3.00,5.00,0.00
7.00,1.00,3.00,6.00,0.00
7.00,1.00,4.00,1.00,0.00
7.00,1.00,4.00,3.00,0.00
7.00,1.00,4.00,4.00,0.00
7.00,1.00,4.00,5.00,0.00
7.00,1.00,4.00,6.00,0.00
7.00,1.00,4.00,2.00,0.02
7.00,1.00,5.00,1.00,0.00
7.00,1.00,5.00,2.00,0.00
7.00,1.00,5.00,3.00,0.00
7.00,1.00,5.00,4.00,0.00
7.00,1.00,5.00,5.00,0.00
7.00,1.00,5.00,6.00,0.00
7.00,1.00,6.00,1.00,0.00
7.00,1.00,6.00,2.00,0.00
7.00,1.00,6.00,3.00,0.00
7.00,1.00,6.00,4.00,0.00
7.00,1.00,6.00,5.00,0.00
7.00,1.00,6.00,6.00,0.00
7.00,1.00,7.00,5.00,0.00
7.00,1.00,7.00,6.00,0.00
7.00,1.00,7.00,4.00,0.07
7.00,1.00,7.00,1.00,0.10
7.00,1.00,7.00,3.00,0.19
7.00,1.00,7.00,2.00,0.59
7.00,1.00,8.00,1.00,0.00
7.00,1.00,8.00,2.00,0.00
7.00,1.00,8.00,3.00,0.00
7.00,1.00,8.00,4.00,0.00
7.00,1.00,8.00,5.00,0.00
7.00,1.00,8.00,6.00,0.00
7.00,2.00,1.00,1.00,0.00
7.00,2.00,1.00,2.00,0.00
7.00,2.00,1.00,3.00,0.00
7.00,2.00,1.00,4.00,0.00
7.00,2.00,1.00,5.00,0.00
7.00,2.00,1.00,6.00,0.00
7.00,2.00,2.00,1.00,0.00
7.00,2.00,2.00,2.00,0.00
7.00,2.00,2.00,3.00,0.00
7.00,2.00,2.00,4.00,0.00
7.00,2.00,2.00,5.00,0.00
7.00,2.00,2.00,6.00,0.00
7.00,2.00,3.00,1.00,0.00
7.00,2.00,3.00,2.00,0.00
7.00,2.00,3.00,3.00,0.00
7.00,2.00,3.00,4.00,0.00
7.00,2.00,3.00,5.00,0.00
7.00,2.00,3.00,6.00,0.00
7.00,2.00,4.00,1.00,0.00
7.00,2.00,4.00,2.00,0.00
7.00,2.00,4.00,3.00,0.00
7.00,2.00,4.00,4.00,0.00
7.00,2.00,4.00,5.00,0.00
7.00,2.00,4.00,6.00,0.00
7.00,2.00,5.00,1.00,0.00
7.00,2.00,5.00,2.00,0.00
7.00,2.00,5.00,3.00,0.00
7.00,2.00,5.00,4.00,0.00
7.00,2.00,5.00,5.00,0.00
7.00,2.00,5.00,6.00,0.00
7.00,2.00,6.00,1.00,0.00
7.00,2.00,6.00,2.00,0.00
7.00,2.00,6.00,3.00,0.00
7.00,2.00,6.00,4.00,0.00
7.00,2.00,6.00,5.00,0.00
7.00,2.00,6.00,6.00,0.00
7.00,2.00,7.00,1.00,0.00
7.00,2.00,7.00,5.00,0.00
7.00,2.00,7.00,6.00,0.00
7.00,2.00,7.00,4.00,0.11
7.00,2.00,7.00,3.00,0.39
7.00,2.00,7.00,2.00,0.49
7.00,2.00,8.00,1.00,0.00
7.00,2.00,8.00,2.00,0.00
7.00,2.00,8.00,3.00,0.00
7.00,2.00,8.00,4.00,0.00
7.00,2.00,8.00,5.00,0.00
7.00,2.00,8.00,6.00,0.00
7.00,3.00,1.00,1.00,0.00
7.00,3.00,1.00,2.00,0.00
7.00,3.00,1.00,3.00,0.00
7.00,3.00,1.00,4.00,0.00
7.00,3.00,1.00,5.00,0.00
7.00,3.00,1.00,6.00,0.00
7.00,3.00,2.00,1.00,0.00
7.00,3.00,2.00,2.00,0.00
7.00,3.00,2.00,3.00,0.00
7.00,3.00,2.00,4.00,0.00
7.00,3.00,2.00,5.00,0.00
7.00,3.00,2.00,6.00,0.00
7.00,3.00,3.00,1.00,0.00
7.00,3.00,3.00,2.00,0.00
7.00,3.00,3.00,3.00,0.00
7.00,3.00,3.00,4.00,0.00
7.00,3.00,3.00,5.00,0.00
7.00,3.00,3.00,6.00,0.00
7.00,3.00,4.00,1.00,0.00
7.00,3.00,4.00,2.00,0.00
7.00,3.00,4.00,3.00,0.00
7.00,3.00,4.00,4.00,0.00
7.00,3.00,4.00,5.00,0.00
7.00,3.00,4.00,6.00,0.00
7.00,3.00,5.00,1.00,0.00
7.00,3.00,5.00,2.00,0.00
7.00,3.00,5.00,3.00,0.00
7.00,3.00,5.00,4.00,0.00
7.00,3.00,5.00,5.00,0.00
7.00,3.00,5.00,6.00,0.00
7.00,3.00,6.00,1.00,0.00
7.00,3.00,6.00,2.00,0.00
7.00,3.00,6.00,3.00,0.00
7.00,3.00,6.00,4.00,0.00
7.00,3.00,6.00,5.00,0.00
7.00,3.00,6.00,6.00,0.00
7.00,3.00,7.00,1.00,0.00
7.00,3.00,7.00,2.00,0.00
7.00,3.00,7.00,6.00,0.00
7.00,3.00,7.00,5.00,0.01
7.00,3.00,7.00,3.00,0.34
7.00,3.00,7.00,4.00,0.63
7.00,3.00,8.00,1.00,0.00
7.00,3.00,8.00,2.00,0.00
7.00,3.00,8.00,3.00,0.00
7.00,3.00,8.00,4.00,0.00
7.00,3.00,8.00,5.00,0.00
7.00,3.00,8.00,6.00,0.00
7.00,4.00,1.00,1.00,0.00
7.00,4.00,1.00,2.00,0.00
7.00,4.00,1.00,3.00,0.00
7.00,4.00,1.00,4.00,0.00
7.00,4.00,1.00,5.00,0.00
7.00,4.00,1.00,6.00,0.00
7.00,4.00,2.00,1.00,0.00
7.00,4.00,2.00,2.00,0.00
7.00,4.00,2.00,3.00,0.00
7.00,4.00,2.00,4.00,0.00
7.00,4.00,2.00,5.00,0.00
7.00,4.00,2.00,6.00,0.00
7.00,4.00,3.00,1.00,0.00
7.00,4.00,3.00,2.00,0.00
7.00,4.00,3.00,3.00,0.00
7.00,4.00,3.00,4.00,0.00
7.00,4.00,3.00,5.00,0.00
7.00,4.00,3.00,6.00,0.00
7.00,4.00,4.00,1.00,0.00
7.00,4.00,4.00,2.00,0.00
7.00,4.00,4.00,3.00,0.00
7.00,4.00,4.00,4.00,0.00
7.00,4.00,4.00,5.00,0.00
7.00,4.00,4.00,6.00,0.00
7.00,4.00,5.00,1.00,0.00
7.00,4.00,5.00,2.00,0.00
7.00,4.00,5.00,3.00,0.00
7.00,4.00,5.00,4.00,0.00
7.00,4.00,5.00,5.00,0.00
7.00,4.00,5.00,6.00,0.00
7.00,4.00,6.00,1.00,0.00
7.00,4.00,6.00,2.00,0.00
7.00,4.00,6.00,3.00,0.00
7.00,4.00,6.00,4.00,0.00
7.00,4.00,6.00,5.00,0.00
7.00,4.00,6.00,6.00,0.00
7.00,4.00,7.00,3.00,0.00
7.00,4.00,7.00,6.00,0.00
7.00,4.00,7.00,1.00,0.01
7.00,4.00,7.00,2.00,0.02
7.00,4.00,7.00,5.00,0.03
7.00,4.00,7.00,4.00,0.93
7.00,4.00,8.00,1.00,0.00
7.00,4.00,8.00,2.00,0.00
7.00,4.00,8.00,3.00,0.00
7.00,4.00,8.00,4.00,0.00
7.00,4.00,8.00,5.00,0.00
7.00,4.00,8.00,6.00,0.00
7.00,5.00,1.00,1.00,0.00
7.00,5.00,1.00,2.00,0.00
7.00,5.00,1.00,3.00,0.00
7.00,5.00,1.00,4.00,0.00
7.00,5.00,1.00,5.00,0.00
7.00,5.00,1.00,6.00,0.00
7.00,5.00,2.00,1.00,0.00
7.00,5.00,2.00,2.00,0.00
7.00,5.00,2.00,3.00,0.00
7.00,5.00,2.00,4.00,0.00
7.00,5.00,2.00,5.00,0.00
7.00,5.00,2.00,6.00,0.00
7.00,5.00,3.00,1.00,0.00
7.00,5.00,3.00,2.00,0.00
7.00,5.00,3.00,3.00,0.00
7.00,5.00,3.00,4.00,0.00
7.00,5.00,3.00,5.00,0.00
7.00,5.00,3.00,6.00,0.00
7.00,5.00,4.00,1.00,0.00
7.00,5.00,4.00,2.00,0.00
7.00,5.00,4.00,3.00,0.00
7.00,5.00,4.00,4.00,0.00
7.00,5.00,4.00,5.00,0.00
7.00,5.00,4.00,6.00,0.00
7.00,5.00,5.00,1.00,0.00
7.00,5.00,5.00,2.00,0.00
7.00,5.00,5.00,3.00,0.00
7.00,5.00,5.00,4.00,0.00
7.00,5.00,5.00,5.00,0.00
7.00,5.00,5.00,6.00,0.00
7.00,5.00,6.00,1.00,0.00
7.00,5.00,6.00,2.00,0.00
7.00,5.00,6.00,3.00,0.00
7.00,5.00,6.00,4.00,0.00
7.00,5.00,6.00,5.00,0.00
7.00,5.00,6.00,6.00,0.00
7.00,5.00,7.00,1.00,0.00
7.00,5.00,7.00,2.00,0.00
7.00,5.00,7.00,3.00,0.00
7.00,5.00,7.00,4.00,0.00
7.00,5.00,7.00,6.00,0.09
7.00,5.00,7.00,5.00,0.90
7.00,5.00,8.00,1.00,0.00
7.00,5.00,8.00,2.00,0.00
7.00,5.00,8.00,3.00,0.00
7.00,5.00,8.00,4.00,0.00
7.00,5.00,8.00,5.00,0.00
7.00,5.00,8.00,6.00,0.00
7.00,6.00,1.00,1.00,0.00
7.00,6.00,1.00,2.00,0.00
7.00,6.00,1.00,3.00,0.00
7.00,6.00,1.00,4.00,0.00
7.00,6.00,1.00,5.00,0.00
7.00,6.00,1.00,6.00,0.00
7.00,6.00,2.00,1.00,0.00
7.00,6.00,2.00,2.00,0.00
7.00,6.00,2.00,3.00,0.00
7.00,6.00,2.00,4.00,0.00
7.00,6.00,2.00,5.00,0.00
7.00,6.00,2.00,6.00,0.00
7.00,6.00,3.00,1.00,0.00
7.00,6.00,3.00,2.00,0.00
7.00,6.00,3.00,3.00,0.00
7.00,6.00,3.00,4.00,0.00
7.00,6.00,3.00,5.00,0.00
7.00,6.00,3.00,6.00,0.00
7.00,6.00,4.00,1.00,0.00
7.00,6.00,4.00,2.00,0.00
7.00,6.00,4.00,3.00,0.00
7.00,6.00,4.00,4.00,0.00
7.00,6.00,4.00,5.00,0.00
7.00,6.00,4.00,6.00,0.00
7.00,6.00,5.00,1.00,0.00
7.00,6.00,5.00,2.00,0.00
7.00,6.00,5.00,3.00,0.00
7.00,6.00,5.00,4.00,0.00
7.00,6.00,5.00,5.00,0.00
7.00,6.00,5.00,6.00,0.00
7.00,6.00,6.00,1.00,0.00
7.00,6.00,6.00,2.00,0.00
7.00,6.00,6.00,3.00,0.00
7.00,6.00,6.00,4.00,0.00
7.00,6.00,6.00,5.00,0.00
7.00,6.00,6.00,6.00,0.00
7.00,6.00,7.00,1.00,0.00
7.00,6.00,7.00,2.00,0.00
7.00,6.00,7.00,3.00,0.00
7.00,6.00,7.00,5.00,0.00
7.00,6.00,7.00,4.00,0.01
7.00,6.00,7.00,6.00,0.98
7.00,6.00,8.00,1.00,0.00
7.00,6.00,8.00,2.00,0.00
7.00,6.00,8.00,3.00,0.00
7.00,6.00,8.00,4.00,0.00
7.00,6.00,8.00,5.00,0.00
7.00,6.00,8.00,6.00,0.00
8.00,1.00,1.00,1.00,0.00
8.00,1.00,1.00,2.00,0.00
8.00,1.00,1.00,3.00,0.00
8.00,1.00,1.00,4.00,0.00
8.00,1.00,1.00,5.00,0.00
8.00,1.00,1.00,6.00,0.00
8.00,1.00,2.00,1.00,0.00
8.00,1.00,2.00,2.00,0.00
8.00,1.00,2.00,3.00,0.00
8.00,1.00,2.00,4.00,0.00
8.00,1.00,2.00,5.00,0.00
8.00,1.00,2.00,6.00,0.00
8.00,1.00,3.00,1.00,0.00
8.00,1.00,3.00,2.00,0.00
8.00,1.00,3.00,3.00,0.00
8.00,1.00,3.00,4.00,0.00
8.00,1.00,3.00,5.00,0.00
8.00,1.00,3.00,6.00,0.00
8.00,1.00,4.00,1.00,0.00
8.00,1.00,4.00,3.00,0.00
8.00,1.00,4.00,4.00,0.00
8.00,1.00,4.00,5.00,0.00
8.00,1.00,4.00,6.00,0.00
8.00,1.00,4.00,2.00,0.02
8.00,1.00,5.00,1.00,0.00
8.00,1.00,5.00,2.00,0.00
8.00,1.00,5.00,3.00,0.00
8.00,1.00,5.00,4.00,0.00
8.00,1.00,5.00,5.00,0.00
8.00,1.00,5.00,6.00,0.00
8.00,1.00,6.00,3.00,0.00
8.00,1.00,6.00,5.00,0.00
8.00,1.00,6.00,6.00,0.00
8.00,1.00,6.00,1.00,0.01
8.00,1.00,6.00,4.00,0.01
8.00,1.00,6.00,2.00,0.02
8.00,1.00,7.00,1.00,0.00
8.00,1.00,7.00,2.00,0.00
8.00,1.00,7.00,3.00,0.00
8.00,1.00,7.00,4.00,0.00
8.00,1.00,7.00,5.00,0.00
8.00,1.00,7.00,6.00,0.00
8.00,1.00,8.00,5.00,0.00
8.00,1.00,8.00,6.00,0.00
8.00,1.00,8.00,4.00,0.05
8.00,1.00,8.00,3.00,0.10
8.00,1.00,8.00,2.00,0.36
8.00,1.00,8.00,1.00,0.40
8.00,2.00,1.00,1.00,0.00
8.00,2.00,1.00,2.00,0.00
8.00,2.00,1.00,3.00,0.00
8.00,2.00,1.00,4.00,0.00
8.00,2.00,1.00,5.00,0.00
8.00,2.00,1.00,6.00,0.00
8.00,2.00,2.00,1.00,0.00
8.00,2.00,2.00,2.00,0.00
8.00,2.00,2.00,3.00,0.00
8.00,2.00,2.00,4.00,0.00
8.00,2.00,2.00,5.00,0.00
8.00,2.00,2.00,6.00,0.00
8.00,2.00,3.00,1.00,0.00
8.00,2.00,3.00,2.00,0.00
8.00,2.00,3.00,3.00,0.00
8.00,2.00,3.00,4.00,0.00
8.00,2.00,3.00,5.00,0.00
8.00,2.00,3.00,6.00,0.00
8.00,2.00,4.00,1.00,0.00
8.00,2.00,4.00,4.00,0.00
8.00,2.00,4.00,5.00,0.00
8.00,2.00,4.00,6.00,0.00
8.00,2.00,4.00,2.00,0.01
8.00,2.00,4.00,3.00,0.01
8.00,2.00,5.00,1.00,0.00
8.00,2.00,5.00,2.00,0.00
8.00,2.00,5.00,3.00,0.00
8.00,2.00,5.00,4.00,0.00
8.00,2.00,5.00,5.00,0.00
8.00,2.00,5.00,6.00,0.00
8.00,2.00,6.00,1.00,0.00
8.00,2.00,6.00,5.00,0.00
8.00,2.00,6.00,6.00,0.00
8.00,2.00,6.00,4.00,0.01
8.00,2.00,6.00,3.00,0.03
8.00,2.00,6.00,2.00,0.04
8.00,2.00,7.00,1.00,0.00
8.00,2.00,7.00,2.00,0.00
8.00,2.00,7.00,3.00,0.00
8.00,2.00,7.00,4.00,0.00
8.00,2.00,7.00,5.00,0.00
8.00,2.00,7.00,6.00,0.00
8.00,2.00,8.00,1.00,0.00
8.00,2.00,8.00,5.00,0.01
8.00,2.00,8.00,6.00,0.01
8.00,2.00,8.00,4.00,0.11
8.00,2.00,8.00,2.00,0.36
8.00,2.00,8.00,3.00,0.36
8.00,3.00,1.00,1.00,0.00
8.00,3.00,1.00,2.00,0.00
8.00,3.00,1.00,3.00,0.00
8.00,3.00,1.00,4.00,0.00
8.00,3.00,1.00,5.00,0.00
8.00,3.00,1.00,6.00,0.00
8.00,3.00,2.00,1.00,0.00
8.00,3.00,2.00,2.00,0.00
8.00,3.00,2.00,3.00,0.00
8.00,3.00,2.00,4.00,0.00
8.00,3.00,2.00,5.00,0.00
8.00,3.00,2.00,6.00,0.00
8.00,3.00,3.00,1.00,0.00
8.00,3.00,3.00,2.00,0.00
8.00,3.00,3.00,3.00,0.00
8.00,3.00,3.00,4.00,0.00
8.00,3.00,3.00,5.00,0.00
8.00,3.00,3.00,6.00,0.00
8.00,3.00,4.00,1.00,0.00
8.00,3.00,4.00,2.00,0.00
8.00,3.00,4.00,4.00,0.00
8.00,3.00,4.00,5.00,0.00
8.00,3.00,4.00,6.00,0.00
8.00,3.00,4.00,3.00,0.01
8.00,3.00,5.00,1.00,0.00
8.00,3.00,5.00,2.00,0.00
8.00,3.00,5.00,3.00,0.00
8.00,3.00,5.00,4.00,0.00
8.00,3.00,5.00,5.00,0.00
8.00,3.00,5.00,6.00,0.00
8.00,3.00,6.00,1.00,0.00
8.00,3.00,6.00,2.00,0.00
8.00,3.00,6.00,5.00,0.00
8.00,3.00,6.00,6.00,0.00
8.00,3.00,6.00,4.00,0.03
8.00,3.00,6.00,3.00,0.04
8.00,3.00,7.00,1.00,0.00
8.00,3.00,7.00,2.00,0.00
8.00,3.00,7.00,3.00,0.00
8.00,3.00,7.00,4.00,0.00
8.00,3.00,7.00,5.00,0.00
8.00,3.00,7.00,6.00,0.00
8.00,3.00,8.00,1.00,0.00
8.00,3.00,8.00,5.00,0.02
8.00,3.00,8.00,2.00,0.05
8.00,3.00,8.00,6.00,0.06
8.00,3.00,8.00,4.00,0.27
8.00,3.00,8.00,3.00,0.49
8.00,4.00,1.00,1.00,0.00
8.00,4.00,1.00,2.00,0.00
8.00,4.00,1.00,3.00,0.00
8.00,4.00,1.00,4.00,0.00
8.00,4.00,1.00,5.00,0.00
8.00,4.00,1.00,6.00,0.00
8.00,4.00,2.00,1.00,0.00
8.00,4.00,2.00,2.00,0.00
8.00,4.00,2.00,3.00,0.00
8.00,4.00,2.00,4.00,0.00
8.00,4.00,2.00,5.00,0.00
8.00,4.00,2.00,6.00,0.00
8.00,4.00,3.00,1.00,0.00
8.00,4.00,3.00,2.00,0.00
8.00,4.00,3.00,3.00,0.00
8.00,4.00,3.00,4.00,0.00
8.00,4.00,3.00,5.00,0.00
8.00,4.00,3.00,6.00,0.00
8.00,4.00,4.00,1.00,0.00
8.00,4.00,4.00,2.00,0.00
8.00,4.00,4.00,3.00,0.00
8.00,4.00,4.00,4.00,0.00
8.00,4.00,4.00,5.00,0.00
8.00,4.00,4.00,6.00,0.00
8.00,4.00,5.00,1.00,0.00
8.00,4.00,5.00,2.00,0.00
8.00,4.00,5.00,3.00,0.00
8.00,4.00,5.00,4.00,0.00
8.00,4.00,5.00,5.00,0.00
8.00,4.00,5.00,6.00,0.00
8.00,4.00,6.00,1.00,0.00
8.00,4.00,6.00,2.00,0.00
8.00,4.00,6.00,3.00,0.00
8.00,4.00,6.00,5.00,0.00
8.00,4.00,6.00,6.00,0.00
8.00,4.00,6.00,4.00,0.04
8.00,4.00,7.00,1.00,0.00
8.00,4.00,7.00,2.00,0.00
8.00,4.00,7.00,3.00,0.00
8.00,4.00,7.00,4.00,0.00
8.00,4.00,7.00,5.00,0.00
8.00,4.00,7.00,6.00,0.00
8.00,4.00,8.00,3.00,0.02
8.00,4.00,8.00,1.00,0.03
8.00,4.00,8.00,5.00,0.04
8.00,4.00,8.00,2.00,0.05
8.00,4.00,8.00,6.00,0.09
8.00,4.00,8.00,4.00,0.69
8.00,5.00,1.00,1.00,0.00
8.00,5.00,1.00,2.00,0.00
8.00,5.00,1.00,3.00,0.00
8.00,5.00,1.00,4.00,0.00
8.00,5.00,1.00,5.00,0.00
8.00,5.00,1.00,6.00,0.00
8.00,5.00,2.00,1.00,0.00
8.00,5.00,2.00,2.00,0.00
8.00,5.00,2.00,3.00,0.00
8.00,5.00,2.00,4.00,0.00
8.00,5.00,2.00,5.00,0.00
8.00,5.00,2.00,6.00,0.00
8.00,5.00,3.00,1.00,0.00
8.00,5.00,3.00,2.00,0.00
8.00,5.00,3.00,3.00,0.00
8.00,5.00,3.00,4.00,0.00
8.00,5.00,3.00,5.00,0.00
8.00,5.00,3.00,6.00,0.00
8.00,5.00,4.00,1.00,0.00
8.00,5.00,4.00,2.00,0.00
8.00,5.00,4.00,3.00,0.00
8.00,5.00,4.00,4.00,0.00
8.00,5.00,4.00,6.00,0.00
8.00,5.00,4.00,5.00,0.03
8.00,5.00,5.00,1.00,0.00
8.00,5.00,5.00,2.00,0.00
8.00,5.00,5.00,3.00,0.00
8.00,5.00,5.00,4.00,0.00
8.00,5.00,5.00,5.00,0.00
8.00,5.00,5.00,6.00,0.00
8.00,5.00,6.00,1.00,0.00
8.00,5.00,6.00,2.00,0.00
8.00,5.00,6.00,3.00,0.00
8.00,5.00,6.00,4.00,0.00
8.00,5.00,6.00,6.00,0.00
8.00,5.00,6.00,5.00,0.11
8.00,5.00,7.00,1.00,0.00
8.00,5.00,7.00,2.00,0.00
8.00,5.00,7.00,3.00,0.00
8.00,5.00,7.00,4.00,0.00
8.00,5.00,7.00,5.00,0.00
8.00,5.00,7.00,6.00,0.00
8.00,5.00,8.00,1.00,0.00
8.00,5.00,8.00,3.00,0.01
8.00,5.00,8.00,2.00,0.01
8.00,5.00,8.00,4.00,0.01
8.00,5.00,8.00,6.00,0.09
8.00,5.00,8.00,5.00,0.71
8.00,6.00,1.00,1.00,0.00
8.00,6.00,1.00,2.00,0.00
8.00,6.00,1.00,3.00,0.00
8.00,6.00,1.00,4.00,0.00
8.00,6.00,1.00,5.00,0.00
8.00,6.00,1.00,6.00,0.00
8.00,6.00,2.00,1.00,0.00
8.00,6.00,2.00,2.00,0.00
8.00,6.00,2.00,3.00,0.00
8.00,6.00,2.00,4.00,0.00
8.00,6.00,2.00,5.00,0.00
8.00,6.00,2.00,6.00,0.00
8.00,6.00,3.00,1.00,0.00
8.00,6.00,3.00,2.00,0.00
8.00,6.00,3.00,3.00,0.00
8.00,6.00,3.00,4.00,0.00
8.00,6.00,3.00,5.00,0.00
8.00,6.00,3.00,6.00,0.00
8.00,6.00,4.00,1.00,0.00
8.00,6.00,4.00,2.00,0.00
8.00,6.00,4.00,3.00,0.00
8.00,6.00,4.00,4.00,0.00
8.00,6.00,4.00,5.00,0.00
8.00,6.00,4.00,6.00,0.01
8.00,6.00,5.00,1.00,0.00
8.00,6.00,5.00,2.00,0.00
8.00,6.00,5.00,3.00,0.00
8.00,6.00,5.00,4.00,0.00
8.00,6.00,5.00,5.00,0.00
8.00,6.00,5.00,6.00,0.00
8.00,6.00,6.00,1.00,0.00
8.00,6.00,6.00,2.00,0.00
8.00,6.00,6.00,3.00,0.00
8.00,6.00,6.00,4.00,0.00
8.00,6.00,6.00,5.00,0.00
8.00,6.00,6.00,6.00,0.11
8.00,6.00,7.00,1.00,0.00
8.00,6.00,7.00,2.00,0.00
8.00,6.00,7.00,3.00,0.00
8.00,6.00,7.00,4.00,0.00
8.00,6.00,7.00,5.00,0.00
8.00,6.00,7.00,6.00,0.00
8.00,6.00,8.00,1.00,0.00
8.00,6.00,8.00,3.00,0.00
8.00,6.00,8.00,4.00,0.00
8.00,6.00,8.00,5.00,0.00
8.00,6.00,8.00,2.00,0.01
8.00,6.00,8.00,6.00,0.85
